distance_km,duration_hours,people,days,transport_type,hotel_category,season,total_cost
967.6,18.3,3,5,bus,budget,spring,24786.14
2379.3,45.4,4,3,flight,budget,monsoon,54224.84
1843.4,25.5,4,7,train,budget,autumn,49782.88
1516.7,28.9,1,5,road_trip,comfort,winter,21225.93
432.2,8.1,1,3,flight,comfort,summer,11226.0
432.2,6.4,2,10,train,luxury,monsoon,91839.72
192.3,3.3,2,4,bus,budget,winter,12146.49
2172.1,31.8,2,2,train,comfort,winter,12719.37
1522.7,32.4,3,5,flight,comfort,summer,63421.39
1784.8,29.9,1,3,train,comfort,summer,10068.74
100.4,2.2,1,6,bus,luxury,spring,45015.04
2426.3,51.8,2,6,train,comfort,autumn,34231.5
2089.5,28.9,3,10,flight,luxury,monsoon,211819.76
570.2,11.6,1,4,train,budget,autumn,8284.52
495.5,8.1,3,4,flight,comfort,monsoon,35260.19
499.3,8.7,2,6,bus,budget,winter,17681.76
795.4,14.4,5,3,flight,budget,summer,36819.75
1335.7,18.6,5,4,flight,budget,summer,58738.2
1108.3,24.3,2,4,flight,budget,winter,20017.38
763.5,11.8,2,2,road_trip,budget,winter,6439.59
1549.0,21.0,2,4,flight,budget,monsoon,22785.5
391.8,6.3,2,7,bus,budget,winter,20772.45
765.8,10.5,3,7,bus,luxury,monsoon,107848.23
947.6,20.3,4,2,train,budget,autumn,13309.63
1167.4,20.3,3,2,train,comfort,summer,17588.21
1973.7,37.4,4,3,train,budget,summer,24873.47
539.2,8.1,2,7,bus,luxury,summer,59944.43
1309.9,17.6,1,3,train,luxury,autumn,20554.56
1501.4,28.5,4,5,flight,comfort,autumn,73824.93
163.8,2.5,2,3,bus,comfort,spring,13801.67
1538.5,30.2,3,5,train,budget,monsoon,31393.57
467.8,7.5,2,4,flight,luxury,monsoon,35688.77
209.4,3.6,1,6,train,luxury,spring,41486.84
2374.8,32.0,10,3,train,luxury,summer,125974.88
2415.8,38.2,1,5,bus,comfort,monsoon,19446.26
2030.6,36.6,10,3,train,budget,monsoon,64427.84
796.3,16.4,8,5,train,luxury,summer,170608.26
289.3,5.8,4,7,road_trip,budget,winter,39802.62
1726.4,33.4,3,3,train,comfort,winter,24813.28
1128.4,21.5,3,7,road_trip,budget,spring,40624.08
349.0,4.9,5,4,road_trip,luxury,autumn,92719.63
1263.2,20.4,2,3,train,budget,monsoon,10764.84
134.3,2.2,2,4,train,budget,monsoon,11772.92
2277.8,47.0,3,3,bus,comfort,spring,29577.51
684.0,9.7,2,5,flight,comfort,spring,28480.5
1673.2,25.1,2,6,train,comfort,monsoon,29617.62
813.7,17.3,2,3,bus,budget,summer,10569.73
1324.2,20.0,3,4,train,budget,summer,22767.26
1389.4,22.7,5,6,road_trip,comfort,autumn,88531.01
502.9,10.6,2,10,train,luxury,monsoon,87354.89
2425.5,41.3,6,4,train,comfort,monsoon,63976.23
1949.1,32.7,3,10,train,comfort,monsoon,87937.76
2351.8,47.1,4,4,road_trip,luxury,monsoon,73262.64
2242.3,30.6,3,4,flight,budget,spring,39802.03
1514.9,21.5,4,6,bus,comfort,winter,60083.32
2308.6,35.5,1,4,train,comfort,monsoon,16817.99
266.8,4.5,4,4,train,budget,winter,22413.74
530.2,9.2,1,4,train,comfort,summer,15772.66
160.8,2.5,5,6,flight,comfort,autumn,85413.93
847.1,13.8,10,6,flight,budget,summer,122464.8
1002.3,21.4,2,4,flight,budget,monsoon,18529.06
714.8,11.8,2,3,train,budget,summer,8900.17
2080.4,30.1,4,4,road_trip,comfort,spring,48270.82
924.0,15.7,2,4,train,budget,winter,13277.97
738.3,15.9,5,3,road_trip,budget,monsoon,27442.12
1379.6,20.1,1,6,train,comfort,spring,24458.92
395.3,7.7,1,4,flight,comfort,winter,16187.42
2015.4,38.2,8,3,train,comfort,spring,67698.39
232.6,4.7,3,3,train,comfort,summer,22699.95
2467.9,44.9,4,3,flight,luxury,monsoon,82733.98
1942.0,28.7,2,10,train,luxury,summer,93449.41
536.9,8.9,3,3,train,comfort,autumn,23597.5
63.5,1.2,3,3,bus,comfort,monsoon,21190.07
2047.9,28.7,3,4,flight,budget,summer,45870.48
1781.8,25.0,3,3,bus,luxury,monsoon,42460.81
1836.1,25.8,3,2,train,budget,winter,13640.66
1939.6,37.2,2,3,flight,budget,monsoon,23115.89
231.4,4.0,2,4,flight,budget,monsoon,12704.43
928.2,12.5,4,4,train,budget,winter,26103.84
333.9,4.9,2,4,flight,luxury,summer,35543.99
2164.6,47.2,3,4,train,comfort,monsoon,37821.38
1577.1,33.6,2,10,train,comfort,spring,47977.28
860.7,14.6,3,4,train,comfort,monsoon,31096.21
205.7,2.8,4,3,train,comfort,summer,24582.97
811.9,13.3,2,3,flight,budget,winter,15542.48
846.7,14.1,1,4,flight,comfort,summer,18145.59
1837.5,38.2,1,6,road_trip,comfort,autumn,22849.37
1612.0,24.9,3,3,bus,budget,monsoon,18278.32
2223.7,31.9,4,5,train,comfort,monsoon,53291.38
1206.9,21.4,1,2,road_trip,budget,winter,5068.26
343.0,5.0,4,4,road_trip,budget,monsoon,23416.38
1797.4,24.3,2,6,train,budget,spring,21119.42
1913.9,37.4,2,3,flight,budget,spring,22836.13
1425.1,23.5,6,4,road_trip,comfort,summer,65257.2
1938.9,36.2,2,3,flight,comfort,winter,30016.26
1259.8,18.3,2,5,road_trip,budget,autumn,19169.84
1330.7,21.3,1,2,train,comfort,summer,7191.84
1097.5,17.1,1,7,train,comfort,winter,27769.31
112.3,1.6,2,3,train,budget,winter,8419.84
314.3,5.5,1,7,flight,budget,summer,15589.58
127.0,1.8,3,4,bus,luxury,summer,56290.34
1609.2,26.4,2,5,road_trip,comfort,monsoon,24874.71
820.2,16.5,2,3,train,luxury,autumn,24024.13
1296.0,19.7,1,7,train,budget,spring,13904.36
2273.5,33.0,2,3,bus,comfort,monsoon,17340.54
660.8,12.1,3,3,flight,budget,winter,22489.37
1055.4,14.9,8,4,train,budget,autumn,51790.42
1901.1,26.3,1,2,flight,comfort,autumn,12799.32
610.6,11.5,5,3,bus,budget,summer,24336.09
238.6,3.2,3,10,bus,budget,autumn,48438.62
759.9,15.4,3,10,flight,budget,autumn,61287.39
445.0,8.7,2,4,train,budget,winter,12561.81
2327.8,46.1,1,7,road_trip,comfort,monsoon,27656.66
2029.9,28.3,1,4,flight,comfort,autumn,21023.2
1601.8,24.8,3,3,train,budget,summer,18601.77
2185.1,44.1,2,5,train,budget,monsoon,20196.84
2019.0,34.7,6,5,bus,budget,summer,56182.77
507.1,8.0,2,14,train,comfort,autumn,61237.16
2236.8,47.1,1,3,train,budget,monsoon,7597.88
1371.4,19.2,4,5,flight,comfort,autumn,69237.89
2028.2,29.3,2,2,train,budget,winter,9083.64
2245.4,37.3,2,3,flight,budget,monsoon,25778.74
829.1,11.2,3,2,train,luxury,summer,23138.37
319.6,5.6,6,14,flight,comfort,winter,209379.97
608.4,8.2,4,6,train,budget,spring,35642.46
1096.4,16.9,3,6,train,comfort,summer,54457.68
2054.1,32.1,3,4,train,comfort,autumn,35770.06
2158.8,43.2,6,3,road_trip,comfort,summer,55298.24
67.0,0.9,2,3,road_trip,comfort,spring,12082.16
1301.3,22.5,1,3,train,comfort,summer,11471.31
1072.7,21.5,2,4,bus,luxury,winter,33905.76
594.2,13.1,2,6,flight,budget,summer,23050.24
343.7,5.6,3,4,road_trip,comfort,monsoon,32815.77
877.2,14.4,3,2,train,comfort,spring,14284.64
2360.1,35.4,3,2,flight,budget,summer,36626.69
841.8,11.7,1,3,train,budget,spring,5925.9
1321.0,27.9,4,4,train,budget,winter,29752.35
1772.4,26.5,2,10,road_trip,comfort,monsoon,54620.99
940.9,18.6,3,5,flight,comfort,autumn,47394.82
2430.9,34.4,3,6,train,comfort,summer,61270.77
2408.0,34.6,2,4,train,budget,winter,16223.77
666.9,10.9,1,4,bus,comfort,spring,14491.98
1268.3,19.1,1,3,flight,luxury,spring,25027.74
787.2,14.5,4,7,train,budget,winter,38767.55
747.9,12.6,6,6,road_trip,comfort,summer,91869.95
140.4,2.0,3,3,train,comfort,autumn,21537.76
1543.4,26.3,1,4,train,comfort,summer,13269.52
1281.6,23.0,2,4,road_trip,comfort,monsoon,20336.6
176.1,2.9,4,5,train,luxury,summer,80307.07
732.7,10.5,4,10,train,budget,monsoon,65480.16
2275.3,41.3,1,4,flight,luxury,spring,36432.17
636.9,12.7,1,4,bus,budget,monsoon,8064.37
405.0,6.1,4,2,train,budget,autumn,11572.17
1249.2,17.9,2,2,road_trip,budget,winter,9750.14
2464.8,51.3,2,3,bus,comfort,monsoon,17220.43
643.0,12.3,1,2,train,budget,summer,3838.34
1696.7,34.4,2,5,bus,budget,monsoon,16522.19
1916.0,34.6,5,5,train,budget,spring,48979.56
632.2,10.8,8,3,train,luxury,monsoon,103388.08
1834.1,27.2,3,6,bus,comfort,autumn,56487.51
951.1,14.7,2,3,road_trip,comfort,monsoon,14766.79
1599.1,25.1,1,3,train,comfort,autumn,12028.76
1602.1,28.8,2,3,train,comfort,summer,15012.71
1362.6,19.4,2,4,flight,budget,spring,23455.06
271.2,4.6,3,3,train,luxury,winter,40551.1
2096.5,28.2,2,4,train,budget,summer,15956.27
835.9,13.1,2,4,train,budget,summer,13181.67
507.0,10.4,1,14,flight,budget,winter,30645.18
149.9,2.3,2,2,train,comfort,monsoon,7187.09
1497.7,27.4,1,3,train,comfort,monsoon,10179.95
1710.0,26.1,1,2,bus,comfort,monsoon,6346.27
90.6,1.9,10,5,bus,budget,spring,73569.38
1304.6,26.0,2,2,flight,comfort,summer,17345.84
604.9,8.6,2,6,train,budget,autumn,17878.55
1630.7,31.5,5,4,flight,budget,winter,73097.82
477.2,6.8,10,4,train,budget,summer,68872.69
1742.8,32.6,3,4,train,comfort,monsoon,37406.92
997.5,15.5,4,3,bus,budget,winter,20711.68
2345.0,35.6,2,3,train,comfort,autumn,16557.9
386.9,6.4,2,3,train,comfort,summer,12183.72
885.6,16.4,2,4,train,comfort,summer,18822.5
328.0,6.4,3,3,train,comfort,spring,22432.77
2315.5,50.3,3,3,train,budget,summer,21739.56
2199.5,40.6,2,10,road_trip,budget,summer,33866.65
682.0,10.6,1,2,train,comfort,autumn,6478.24
1667.0,22.8,3,6,train,comfort,autumn,55278.09
2052.2,28.8,1,6,train,comfort,winter,22099.88
1410.2,20.7,3,3,road_trip,luxury,monsoon,47311.85
1347.6,19.6,3,3,flight,budget,autumn,28961.73
642.5,9.9,4,3,train,budget,winter,18101.93
278.1,5.3,4,5,road_trip,comfort,summer,44021.48
2248.2,31.1,5,5,train,budget,winter,49867.16
2256.0,34.6,2,6,train,budget,winter,24714.43
1601.1,25.9,4,10,train,luxury,winter,186304.05
880.6,18.2,3,5,train,budget,winter,27684.34
905.6,15.5,1,3,train,luxury,autumn,20358.64
1828.6,31.1,1,3,flight,comfort,monsoon,16807.55
2247.9,31.7,2,6,train,comfort,winter,30467.74
2223.4,36.2,2,3,flight,budget,spring,24635.82
1960.7,34.8,3,2,train,budget,summer,14288.03
1623.0,21.8,4,5,train,comfort,summer,54700.53
256.1,5.3,1,4,train,budget,summer,8041.03
446.0,7.7,1,7,road_trip,budget,summer,14795.45
2251.5,48.7,8,5,train,budget,summer,78510.26
1535.8,22.9,1,2,flight,budget,winter,9484.82
72.5,1.0,2,10,train,budget,monsoon,29238.32
298.6,5.6,3,3,train,comfort,spring,21511.02
1675.6,23.7,2,3,train,budget,autumn,10919.13
62.4,1.2,1,4,train,budget,spring,8139.75
444.0,6.1,1,2,train,comfort,autumn,5636.19
1394.4,20.6,1,4,train,luxury,autumn,28098.15
1745.1,25.2,3,3,bus,budget,spring,19992.18
1647.3,36.2,2,4,train,budget,winter,16315.36
599.5,8.1,2,4,flight,comfort,summer,25287.46
1794.8,26.9,3,6,train,luxury,winter,99768.63
631.3,11.7,4,6,flight,comfort,summer,65749.3
847.2,12.1,1,3,flight,comfort,monsoon,13225.25
1878.9,35.2,2,4,train,budget,autumn,16607.95
1641.6,23.1,3,4,train,comfort,spring,36128.98
2130.6,44.0,2,3,bus,budget,monsoon,11550.84
1661.2,25.1,2,6,road_trip,comfort,summer,31803.03
1442.4,23.6,3,5,train,comfort,winter,47236.02
279.5,5.8,5,3,train,luxury,spring,64530.71
950.9,18.2,4,4,road_trip,budget,autumn,28616.58
699.7,15.4,3,3,train,budget,monsoon,15472.28
647.8,11.0,4,5,flight,comfort,autumn,55003.06
2433.9,45.0,2,3,train,comfort,summer,18535.87
1013.1,16.1,3,14,train,comfort,autumn,121455.31
2235.5,41.5,2,6,flight,budget,winter,33983.36
1596.3,29.6,1,4,flight,budget,monsoon,15385.67
1997.3,29.7,4,4,train,comfort,monsoon,43242.17
1281.5,27.6,3,7,flight,budget,winter,50296.12
1463.4,20.3,2,4,bus,luxury,autumn,34913.81
1256.7,17.8,6,3,flight,comfort,winter,64607.33
528.3,8.1,1,4,train,comfort,spring,14505.82
1820.0,29.0,2,6,flight,comfort,winter,41871.17
737.9,10.3,1,5,bus,comfort,autumn,19278.23
109.6,2.2,4,5,bus,budget,winter,26791.21
1631.4,34.4,4,7,flight,comfort,summer,94489.89
483.9,9.3,2,7,train,budget,winter,21315.3
2354.1,34.2,3,7,bus,comfort,winter,62767.07
2387.1,51.8,2,2,flight,budget,autumn,26018.03
2291.4,36.7,4,4,train,comfort,spring,44152.35
956.9,12.8,2,5,train,budget,spring,16787.41
87.9,1.2,2,6,train,budget,autumn,18706.71
2324.4,38.3,6,5,flight,luxury,autumn,187824.54
1099.1,23.4,2,3,train,budget,autumn,9949.75
2418.3,34.6,1,6,flight,comfort,summer,30993.96
2410.9,38.3,3,5,road_trip,luxury,monsoon,90988.02
2139.9,44.2,8,2,bus,budget,winter,37702.46
771.4,16.1,2,4,road_trip,comfort,autumn,19435.27
993.5,13.7,1,3,road_trip,budget,autumn,7007.58
2135.3,32.8,2,3,train,budget,autumn,12920.22
826.5,11.8,2,2,flight,budget,spring,12139.84
465.3,6.5,1,4,train,luxury,autumn,26078.25
1414.2,22.8,3,4,road_trip,budget,winter,23985.97
2343.6,38.7,10,5,train,comfort,autumn,121772.04
1755.3,30.3,2,5,road_trip,comfort,winter,28417.13
1446.6,26.5,2,6,flight,luxury,summer,58285.23
288.1,5.0,2,3,bus,budget,monsoon,9571.21
1556.8,22.8,1,3,train,comfort,spring,11320.98
2475.6,39.3,5,7,train,comfort,winter,98292.73
393.2,5.5,2,3,bus,comfort,summer,13576.25
1319.9,22.6,2,10,train,luxury,monsoon,97342.19
2199.6,34.8,3,6,bus,comfort,monsoon,58742.72
1864.9,29.2,2,4,train,budget,monsoon,14684.46
1757.7,28.0,3,14,flight,comfort,winter,150447.11
1771.1,26.8,1,2,train,budget,summer,5360.09
930.8,17.9,4,3,flight,budget,autumn,34337.2
769.3,12.7,6,5,flight,comfort,summer,79712.45
2032.9,42.2,3,4,train,budget,summer,25033.28
2034.8,36.0,8,7,train,budget,summer,95689.96
2174.3,36.5,1,2,train,luxury,winter,13218.79
2287.4,35.4,2,4,flight,budget,winter,31161.25
1302.8,17.7,3,4,flight,luxury,winter,77940.17
1278.7,20.3,3,5,bus,comfort,summer,44530.28
2005.8,29.8,2,3,flight,comfort,winter,29492.12
1642.4,27.3,2,4,train,comfort,monsoon,19914.91
1769.8,27.6,1,6,train,budget,winter,13342.13
1999.7,42.4,2,3,train,budget,spring,12544.02
2230.5,42.4,1,6,train,budget,winter,13694.57
878.1,15.7,4,4,road_trip,budget,winter,27189.1
970.2,16.4,2,6,road_trip,luxury,winter,53146.38
280.3,6.0,1,5,train,comfort,winter,17317.94
1466.8,29.8,3,3,flight,budget,spring,31910.8
138.1,2.6,3,4,bus,budget,autumn,18572.88
1190.7,16.1,5,7,train,budget,winter,59296.45
1379.5,25.1,3,4,train,budget,monsoon,22078.45
752.0,12.6,2,10,train,comfort,spring,49469.53
1497.5,29.4,4,4,flight,budget,autumn,49671.01
124.7,2.0,2,3,road_trip,comfort,winter,12931.65
141.5,2.6,1,4,flight,budget,autumn,7383.98
2065.4,40.3,3,10,train,budget,monsoon,59362.39
932.5,15.4,6,3,train,comfort,spring,43820.91
361.3,8.0,2,7,bus,comfort,spring,34658.74
1329.5,29.4,2,7,bus,luxury,autumn,66019.16
1936.5,37.5,1,4,flight,luxury,winter,34047.72
578.8,12.6,1,2,flight,budget,summer,5447.89
1576.1,32.7,2,5,train,budget,spring,19357.97
259.1,4.7,3,3,bus,comfort,summer,24000.24
176.6,2.6,1,6,bus,luxury,spring,44695.97
1351.8,21.7,6,4,train,comfort,winter,62347.08
1374.6,22.8,4,4,bus,budget,winter,28577.15
1611.7,30.0,3,6,train,luxury,spring,109243.63
1828.9,25.1,4,4,train,budget,autumn,30972.91
2440.8,42.9,1,4,train,comfort,winter,15109.94
1314.9,27.6,2,4,train,luxury,winter,33086.2
841.2,13.2,3,4,train,budget,monsoon,24725.24
1998.2,41.3,4,4,train,luxury,winter,66337.08
713.5,12.9,4,6,flight,budget,monsoon,46905.08
1125.5,18.7,2,4,flight,luxury,winter,45133.62
242.2,3.4,6,4,train,budget,winter,33791.15
112.1,1.9,1,5,train,luxury,autumn,31154.9
2408.5,36.5,5,3,flight,budget,autumn,62869.88
2098.2,28.1,8,3,train,comfort,winter,64208.53
1755.1,35.9,1,10,train,comfort,spring,36684.45
1051.9,19.8,4,5,road_trip,comfort,spring,54436.99
474.6,8.3,1,4,bus,budget,winter,7956.1
433.3,7.5,2,5,road_trip,comfort,spring,21236.72
663.1,11.6,2,2,flight,budget,winter,9726.86
1395.6,19.3,3,5,train,comfort,autumn,47212.05
1800.8,27.1,6,4,flight,budget,summer,79741.93
1667.5,26.4,3,4,train,luxury,monsoon,68269.0
735.8,13.6,2,4,train,budget,spring,13536.06
2389.4,34.3,4,2,train,budget,spring,19333.39
1857.8,25.2,8,3,bus,budget,autumn,48571.08
1408.2,20.2,1,10,train,budget,spring,22463.87
1548.7,34.4,10,4,road_trip,budget,winter,74252.92
1078.0,16.8,1,4,road_trip,comfort,winter,14195.31
656.9,14.1,4,2,flight,luxury,summer,38409.49
922.1,17.5,2,2,bus,comfort,summer,8346.12
1906.7,40.8,1,5,flight,comfort,summer,26084.12
85.3,1.4,2,4,bus,budget,winter,11253.69
334.4,5.1,3,4,train,comfort,summer,31994.68
162.7,3.4,2,3,bus,budget,summer,8356.8
149.8,2.7,1,5,flight,comfort,winter,19056.41
2145.9,36.6,3,3,road_trip,budget,autumn,25434.57
1774.0,31.6,6,3,flight,budget,spring,69410.7
1211.7,24.9,2,4,flight,budget,monsoon,20411.68
289.7,5.0,2,3,bus,luxury,winter,21229.0
1254.5,18.6,2,3,bus,budget,winter,9657.42
1210.0,25.7,1,5,flight,comfort,monsoon,22253.58
474.3,10.0,4,5,train,budget,monsoon,27976.79
1112.9,20.0,4,6,flight,comfort,summer,74301.57
1026.3,14.0,3,4,road_trip,luxury,monsoon,64373.14
1558.8,24.0,2,2,bus,budget,spring,8361.96
1606.0,24.6,4,3,bus,comfort,spring,28454.13
161.0,2.9,3,14,train,luxury,spring,229218.79
967.8,15.4,4,4,flight,comfort,spring,54521.05
1583.4,34.9,3,5,flight,comfort,spring,55707.77
1282.7,20.0,4,2,bus,comfort,summer,20809.95
2148.4,29.7,3,4,train,comfort,winter,35948.65
1663.8,26.3,2,2,road_trip,budget,monsoon,10168.35
449.2,6.3,8,4,flight,comfort,winter,87428.04
222.9,3.3,2,7,train,budget,monsoon,21566.96
1623.9,33.4,3,10,train,budget,summer,60010.86
115.0,1.6,2,4,train,comfort,summer,15802.46
1485.2,31.6,3,4,flight,budget,autumn,38308.47
2353.6,38.6,3,10,train,budget,autumn,57733.74
1459.9,29.6,1,5,train,comfort,summer,18124.62
1001.0,22.1,1,2,bus,luxury,summer,11652.94
1626.1,28.2,3,4,train,luxury,monsoon,64314.0
1172.7,21.8,4,3,train,luxury,summer,47609.88
1386.8,23.3,2,4,flight,luxury,winter,43616.93
2356.6,37.8,2,4,flight,budget,monsoon,28316.8
996.0,21.5,3,4,bus,budget,summer,20100.05
2404.9,49.4,1,4,train,comfort,monsoon,15778.56
2268.1,36.7,2,3,bus,budget,monsoon,12605.73
529.7,9.6,1,4,flight,comfort,spring,16620.48
219.9,3.3,1,6,train,comfort,autumn,20971.08
296.9,4.6,2,5,train,budget,monsoon,14120.83
94.6,1.3,2,3,train,luxury,monsoon,22047.45
281.4,4.3,1,10,train,comfort,spring,38347.18
1723.4,29.8,2,7,bus,comfort,summer,32337.77
224.4,3.4,2,3,flight,luxury,monsoon,22120.43
831.5,15.6,2,2,train,comfort,spring,8749.03
2119.9,39.1,2,5,train,budget,winter,18817.66
107.0,1.6,4,6,train,comfort,spring,55519.2
2045.4,35.0,1,10,flight,comfort,autumn,43842.22
740.5,10.7,2,7,train,comfort,autumn,33905.63
339.5,4.9,1,5,flight,comfort,summer,19874.5
1757.0,24.8,1,4,train,comfort,summer,13118.94
1590.9,21.9,3,2,flight,budget,autumn,27748.07
2199.8,38.0,3,3,road_trip,luxury,autumn,46733.56
1850.9,33.9,5,4,train,luxury,monsoon,99219.92
2018.5,32.3,3,5,flight,budget,autumn,45575.41
741.0,13.2,8,4,road_trip,budget,summer,55245.27
484.7,7.7,1,5,train,luxury,autumn,39450.44
1889.0,28.5,1,3,flight,luxury,summer,25091.73
2026.7,30.9,1,4,train,luxury,winter,28201.56
2476.7,44.0,1,2,flight,luxury,autumn,19630.04
1060.9,21.2,2,4,train,comfort,summer,19845.27
961.4,16.6,3,6,road_trip,comfort,spring,51251.77
1952.2,39.6,1,5,bus,comfort,monsoon,19035.71
885.0,12.3,6,14,bus,budget,summer,127237.59
2330.4,42.1,4,3,bus,comfort,autumn,32284.29
2153.1,43.4,2,4,flight,comfort,autumn,35869.08
1101.0,24.1,1,3,train,comfort,winter,10749.38
1889.6,29.4,1,4,road_trip,comfort,spring,15385.72
1898.6,29.6,1,7,road_trip,comfort,summer,29552.38
302.7,5.5,1,5,flight,budget,spring,12523.18
2261.3,48.0,2,7,road_trip,budget,winter,30364.72
1287.9,22.5,2,3,flight,budget,monsoon,18310.96
2074.8,38.2,2,7,flight,budget,spring,38178.64
834.1,12.8,10,2,flight,luxury,winter,92876.91
2244.0,35.5,3,7,train,budget,summer,42714.54
1003.5,17.9,6,3,train,budget,monsoon,30270.58
76.6,1.5,1,3,train,comfort,autumn,9208.59
2268.2,30.4,2,4,flight,comfort,winter,34928.04
273.7,4.7,3,10,train,budget,autumn,53796.59
832.3,12.7,1,2,train,comfort,monsoon,6109.08
2377.7,48.3,1,4,road_trip,comfort,winter,17719.82
2379.0,39.9,3,7,train,budget,winter,44771.48
1454.9,31.7,3,4,flight,budget,monsoon,39209.21
1598.0,26.6,2,3,train,luxury,summer,26111.59
1148.7,15.5,2,4,train,comfort,winter,20913.87
768.4,13.6,2,4,bus,comfort,monsoon,20117.86
855.2,18.5,1,7,flight,budget,spring,16598.97
1697.7,37.0,2,6,bus,budget,autumn,20317.55
1893.3,33.4,1,4,train,comfort,winter,16031.47
1989.4,39.9,1,14,flight,budget,spring,35605.81
1984.6,43.4,8,4,train,budget,winter,61133.28
273.5,4.0,3,2,train,comfort,summer,13128.8
1261.3,21.5,4,3,train,budget,monsoon,21499.58
191.0,3.6,2,4,train,comfort,winter,17678.41
1396.3,19.4,2,3,train,comfort,monsoon,14303.07
1131.7,23.3,2,10,train,budget,winter,32228.89
2224.9,30.2,1,6,road_trip,comfort,summer,25653.05
909.7,16.7,1,3,train,budget,summer,6755.46
336.8,4.7,4,4,train,comfort,spring,35400.03
400.3,6.3,3,5,train,budget,summer,24352.7
1915.7,27.4,2,10,flight,budget,monsoon,47527.81
1564.6,21.0,2,7,train,comfort,summer,30236.82
297.8,5.5,6,4,road_trip,comfort,winter,53770.11
256.1,3.5,1,6,road_trip,luxury,summer,43975.97
1767.4,31.2,2,4,train,budget,monsoon,15285.07
228.3,4.0,2,4,flight,budget,winter,13934.83
2063.6,37.4,4,3,train,comfort,spring,35860.96
1780.3,29.1,10,3,flight,comfort,spring,136942.58
249.3,5.0,2,4,train,budget,spring,10836.97
257.9,4.2,5,3,train,comfort,winter,33971.75
2467.3,40.3,4,2,train,comfort,spring,24353.2
967.0,14.3,2,5,flight,luxury,summer,49718.91
958.1,13.7,2,2,train,luxury,winter,13746.31
2041.4,35.1,2,4,train,budget,winter,15150.99
2370.8,43.8,8,4,flight,comfort,winter,139166.67
2465.7,46.7,1,10,flight,budget,autumn,29324.6
1895.8,37.3,4,4,road_trip,comfort,monsoon,45150.53
971.8,20.8,2,2,train,comfort,autumn,9878.94
254.6,4.6,4,4,bus,luxury,autumn,60544.22
1954.0,36.8,2,6,flight,comfort,autumn,43945.42
1418.1,19.2,3,14,train,luxury,monsoon,259358.34
1089.3,17.6,4,4,flight,comfort,autumn,53214.54
2270.6,41.0,4,3,train,luxury,spring,49734.83
322.4,5.2,5,7,road_trip,comfort,winter,98200.43
1256.9,25.6,1,3,train,comfort,winter,10820.92
77.8,1.3,3,5,flight,budget,summer,22117.15
1198.2,18.8,1,4,train,budget,spring,9261.05
187.9,3.1,2,2,road_trip,budget,monsoon,5885.26
341.1,6.0,2,3,train,comfort,winter,13067.92
337.9,4.5,2,3,road_trip,comfort,autumn,14331.94
1640.6,23.0,2,5,road_trip,comfort,summer,29063.39
1877.8,29.5,10,10,train,luxury,summer,492973.95
1479.3,23.8,1,3,bus,luxury,winter,20884.19
2407.3,37.8,3,6,road_trip,budget,spring,42943.57
968.4,19.0,2,2,train,budget,summer,6492.05
750.0,13.2,1,4,train,budget,winter,7537.6
2178.1,47.2,1,2,flight,budget,spring,12768.93
597.8,10.1,6,10,train,comfort,winter,156419.46
2409.9,39.3,5,6,train,comfort,winter,86589.8
79.8,1.5,6,5,train,comfort,spring,63671.68
2426.2,32.8,10,6,train,luxury,spring,282348.11
155.7,2.2,2,5,train,comfort,spring,20998.71
2233.3,33.5,2,10,train,budget,winter,34420.11
1342.9,22.0,3,5,road_trip,comfort,summer,45869.48
2482.8,34.9,2,7,bus,budget,monsoon,24934.24
230.8,4.7,2,4,train,budget,monsoon,12810.89
1406.9,20.5,2,3,flight,budget,winter,19286.92
2424.8,49.7,3,4,flight,comfort,winter,61315.67
1331.6,19.3,3,3,road_trip,budget,summer,18819.69
1592.0,29.9,1,4,train,budget,spring,9581.51
1754.6,24.6,2,4,train,comfort,winter,20870.98
1163.6,15.9,3,5,road_trip,comfort,autumn,48481.9
1587.5,32.1,3,2,road_trip,budget,spring,14206.53
1481.6,25.2,2,3,bus,budget,winter,10883.26
2257.8,30.3,4,4,bus,comfort,autumn,43263.72
161.3,2.7,1,10,train,budget,summer,21410.76
738.4,10.4,2,4,flight,luxury,autumn,36008.03
2378.5,38.0,4,4,train,comfort,winter,46630.5
2231.1,39.7,3,5,train,budget,monsoon,30389.65
1166.4,21.8,2,5,bus,budget,winter,16593.51
1569.3,30.7,3,3,train,budget,monsoon,19382.9
729.6,10.8,3,4,flight,budget,summer,26500.71
510.9,9.0,4,3,road_trip,budget,summer,20402.62
1186.1,19.7,4,10,train,comfort,spring,102506.89
915.7,15.3,3,3,road_trip,budget,spring,17719.49
1480.0,23.7,2,4,road_trip,comfort,monsoon,21489.08
240.4,3.4,1,2,flight,comfort,monsoon,5468.1
2437.3,32.7,2,3,train,budget,summer,13407.96
2466.2,43.1,2,6,train,budget,autumn,22446.77
1760.5,25.2,3,3,train,budget,monsoon,19771.91
1363.4,20.1,2,2,train,budget,monsoon,8214.75
808.3,13.0,2,4,train,comfort,autumn,19993.81
2043.8,27.7,1,2,road_trip,budget,spring,6938.26
1727.6,33.9,2,2,train,comfort,spring,12504.8
448.4,9.3,2,6,bus,budget,monsoon,18720.75
2281.8,32.3,4,6,train,comfort,spring,62050.16
2065.2,35.5,1,7,flight,comfort,spring,35950.08
2377.0,33.8,3,7,road_trip,comfort,spring,76131.37
1828.0,25.5,6,5,train,budget,summer,56270.02
1552.9,33.1,1,2,train,budget,winter,4297.46
1074.7,15.0,2,6,flight,comfort,monsoon,37438.96
2335.2,40.0,1,6,bus,budget,monsoon,13480.08
2171.9,36.0,3,6,flight,budget,summer,52733.24
160.8,2.5,3,4,train,comfort,winter,31421.18
114.6,1.6,2,3,train,comfort,winter,11409.77
972.3,21.3,2,6,road_trip,comfort,summer,32276.77
2035.9,34.3,5,5,road_trip,comfort,autumn,82358.37
2468.8,37.6,1,14,flight,comfort,autumn,64986.23
418.5,6.3,1,3,bus,comfort,winter,9382.25
1505.6,22.9,5,3,flight,comfort,autumn,64469.08
983.2,20.1,3,3,train,comfort,autumn,23351.35
2426.3,44.9,5,6,train,luxury,autumn,158232.69
2113.2,37.9,3,3,train,budget,winter,17433.06
2103.9,30.4,4,2,flight,budget,autumn,45546.74
1198.3,22.5,2,14,train,comfort,monsoon,71240.8
1066.3,20.8,4,2,train,comfort,winter,19481.62
719.8,9.8,6,6,bus,budget,summer,57147.15
188.1,4.2,3,4,flight,luxury,autumn,63530.19
2168.6,28.9,1,6,flight,budget,spring,21377.12
2041.6,31.3,2,4,road_trip,comfort,winter,25392.63
2499.3,35.8,1,7,train,comfort,summer,32347.78
2491.8,46.3,2,7,flight,luxury,monsoon,82732.5
1410.8,31.1,2,2,bus,budget,summer,7751.2
1934.0,28.8,3,2,flight,comfort,autumn,38633.14
2364.7,33.8,3,3,train,budget,spring,20658.2
2131.6,31.7,2,5,train,budget,autumn,18876.43
656.0,13.3,3,7,road_trip,budget,summer,38489.1
1153.8,17.1,1,4,flight,comfort,winter,18312.16
366.4,5.4,1,5,road_trip,comfort,spring,18234.66
2387.4,36.9,1,3,flight,budget,spring,15964.49
1535.1,22.6,2,6,flight,comfort,summer,36877.94
610.2,8.7,2,10,bus,comfort,autumn,53937.17
1695.7,26.7,2,3,flight,comfort,summer,26983.62
1564.4,32.8,2,4,train,luxury,spring,33752.43
927.5,15.6,4,2,flight,budget,summer,27664.42
328.2,6.9,1,4,bus,luxury,spring,27654.23
1695.4,29.6,3,4,train,luxury,autumn,64209.01
1324.8,23.2,3,3,train,budget,winter,17531.44
1942.2,41.3,4,4,train,budget,winter,33216.52
1324.4,23.9,6,3,road_trip,budget,summer,37791.21
2137.8,44.2,1,4,train,budget,spring,9479.36
1402.2,20.2,1,4,flight,comfort,winter,20252.39
1424.3,19.4,5,2,train,comfort,spring,28526.7
2197.8,46.6,2,6,train,comfort,autumn,34824.63
1038.5,14.1,3,5,flight,comfort,summer,54612.51
378.3,6.2,3,4,train,budget,spring,20986.1
120.5,2.2,3,2,flight,luxury,summer,22522.73
1900.1,40.2,6,6,bus,budget,spring,66263.32
1569.8,26.2,10,10,bus,luxury,spring,478024.61
1775.0,25.8,4,3,train,budget,autumn,24646.8
571.8,8.6,2,3,road_trip,luxury,summer,21434.3
384.1,8.3,5,3,flight,budget,monsoon,28943.44
85.6,1.8,1,4,road_trip,budget,spring,7528.33
908.9,15.9,2,3,flight,budget,spring,16153.33
1495.3,27.8,5,4,flight,comfort,winter,88708.34
1011.0,19.5,2,5,road_trip,luxury,summer,46033.63
1121.8,21.0,2,4,road_trip,budget,monsoon,14406.08
2265.2,32.8,1,4,train,luxury,autumn,28978.75
903.2,12.4,5,4,train,comfort,monsoon,56434.74
1309.3,22.9,2,4,train,comfort,autumn,19554.08
1969.9,27.3,3,2,train,comfort,monsoon,19548.27
1021.5,18.7,2,2,train,budget,monsoon,7289.84
1574.1,26.5,4,7,train,budget,summer,47527.38
2162.8,41.8,4,2,road_trip,luxury,winter,36942.12
2376.3,37.0,2,5,train,luxury,monsoon,38932.12
410.3,5.5,2,7,flight,luxury,spring,65261.74
2320.1,36.8,2,3,train,luxury,spring,25015.27
1255.7,22.5,8,4,train,budget,spring,51889.23
682.7,10.6,3,4,train,comfort,winter,33259.91
1174.9,24.1,6,7,train,budget,monsoon,72819.23
2451.1,34.2,2,10,bus,luxury,autumn,85894.18
1256.9,20.9,4,5,road_trip,comfort,autumn,55813.39
855.4,14.6,4,2,train,comfort,summer,16961.72
1601.8,25.6,3,5,flight,comfort,winter,61980.95
638.4,10.0,8,4,flight,budget,monsoon,68166.52
235.9,5.0,2,4,road_trip,budget,spring,11877.94
365.8,5.6,1,2,bus,luxury,winter,10062.47
363.7,7.0,3,3,flight,comfort,winter,25419.05
422.2,6.4,4,6,flight,budget,monsoon,42444.32
390.1,5.6,3,4,bus,comfort,summer,32115.72
1620.1,23.4,2,3,train,comfort,summer,14940.71
495.6,8.0,2,4,train,budget,summer,11455.92
896.9,14.8,2,7,road_trip,budget,spring,24736.72
2247.1,45.6,2,5,bus,luxury,spring,45428.26
1211.2,17.7,3,3,flight,comfort,monsoon,38203.48
1685.5,31.7,4,3,flight,comfort,summer,50756.31
472.2,7.9,2,3,train,comfort,monsoon,12597.2
521.1,9.7,2,7,flight,budget,summer,23618.72
150.1,3.1,2,4,flight,comfort,winter,18294.23
463.9,7.3,1,4,train,budget,autumn,8002.22
732.5,15.7,4,4,bus,budget,autumn,24498.9
483.7,7.2,6,4,road_trip,comfort,summer,60956.74
267.3,4.9,2,6,train,luxury,monsoon,49351.01
345.6,7.7,4,4,flight,budget,spring,28556.24
1178.9,19.5,5,3,train,budget,summer,26700.65
555.5,12.0,4,3,flight,comfort,summer,32404.12
942.5,17.7,1,4,train,luxury,spring,28114.81
1283.4,19.4,8,10,flight,comfort,summer,224566.09
1741.5,37.1,2,3,road_trip,luxury,winter,27342.69
146.3,2.1,2,7,train,comfort,spring,33544.39
2008.6,44.5,1,6,road_trip,comfort,winter,26487.52
1588.4,30.3,2,3,road_trip,budget,autumn,12771.45
250.3,3.7,1,2,train,budget,spring,3403.67
2190.3,40.2,2,3,train,budget,spring,12878.57
2306.1,48.0,2,5,road_trip,comfort,monsoon,27355.58
199.6,3.6,4,3,road_trip,luxury,monsoon,41476.62
728.4,13.7,5,4,train,luxury,spring,95419.32
2025.2,28.8,2,4,train,budget,autumn,14596.6
1883.2,34.6,5,5,train,budget,summer,48329.73
502.1,7.3,5,3,road_trip,budget,monsoon,22988.44
562.9,7.8,4,4,train,budget,autumn,24748.73
957.7,16.5,1,4,flight,comfort,autumn,15633.33
1237.1,17.1,3,4,bus,luxury,monsoon,59859.78
1564.7,27.8,6,6,train,luxury,summer,157991.84
953.8,12.9,3,3,flight,comfort,monsoon,33573.62
1183.2,24.8,2,6,train,comfort,autumn,29624.2
1881.3,28.7,2,5,road_trip,comfort,winter,26923.14
139.9,2.3,3,4,train,budget,monsoon,17901.48
668.5,11.8,2,5,flight,comfort,autumn,25662.25
1797.7,28.1,1,4,flight,comfort,monsoon,21166.66
2243.3,33.9,2,3,train,comfort,autumn,17173.45
1303.6,28.9,4,5,train,budget,summer,35485.12
1353.7,27.1,5,4,train,budget,autumn,36313.83
312.6,4.7,1,5,train,budget,spring,9035.86
1146.2,17.6,8,3,bus,luxury,winter,92427.03
1354.9,18.3,2,7,bus,budget,autumn,23087.08
644.1,9.5,3,4,flight,comfort,monsoon,36460.4
709.6,9.7,4,2,flight,comfort,monsoon,24535.43
974.3,14.7,4,4,flight,budget,autumn,39643.11
99.2,1.8,6,6,bus,comfort,spring,83181.69
839.1,17.4,2,6,train,luxury,autumn,55205.4
568.0,8.3,5,4,train,comfort,summer,55309.1
852.4,13.3,1,7,train,luxury,spring,50300.9
343.4,7.4,4,3,flight,budget,autumn,21509.3
2231.8,40.0,4,4,train,budget,winter,32419.06
1504.3,20.4,3,7,train,luxury,spring,120668.63
1713.8,28.6,2,7,train,comfort,autumn,38112.68
1983.5,34.2,5,5,bus,luxury,winter,131389.92
1271.2,21.6,1,7,train,comfort,autumn,28799.32
263.0,5.1,1,2,train,luxury,summer,10019.9
1365.9,24.4,4,7,train,comfort,monsoon,68778.51
1487.8,26.5,2,3,train,comfort,autumn,16871.91
1876.3,40.3,4,3,flight,comfort,spring,56149.47
1107.6,16.3,2,3,train,budget,autumn,10409.23
362.6,6.3,1,4,train,luxury,autumn,26119.23
745.3,10.7,4,3,flight,budget,autumn,28949.21
939.6,13.3,2,3,train,comfort,autumn,14878.54
1632.5,31.8,1,3,train,budget,spring,6869.44
1448.4,22.4,4,3,road_trip,comfort,spring,33822.09
922.4,15.6,2,4,train,comfort,autumn,19468.92
2467.0,34.5,3,4,train,budget,monsoon,27372.3
1534.1,29.8,2,3,train,luxury,autumn,24354.55
631.2,9.7,4,5,flight,budget,spring,38432.7
299.4,4.7,4,7,flight,comfort,summer,68240.95
424.5,7.9,4,6,flight,budget,autumn,39611.61
652.6,13.3,1,3,bus,budget,autumn,5643.92
443.7,6.9,4,5,train,budget,autumn,29334.54
507.1,7.6,3,3,train,comfort,autumn,21248.09
748.5,13.7,3,3,bus,budget,winter,16251.87
474.8,7.4,2,3,road_trip,luxury,autumn,23326.16
2247.1,39.5,5,6,train,budget,spring,59277.48
246.6,3.7,4,3,flight,budget,spring,21669.3
1335.1,26.2,1,2,train,budget,winter,4732.53
1055.5,14.7,2,3,train,budget,autumn,10010.57
2456.8,45.8,5,7,train,comfort,monsoon,110485.46
324.5,5.8,1,5,train,luxury,autumn,38071.94
1024.7,21.9,8,3,bus,comfort,spring,53047.38
2425.2,50.2,3,4,flight,budget,summer,51376.48
2170.5,35.9,3,4,train,budget,summer,25160.75
2051.8,38.7,2,5,train,comfort,monsoon,28150.9
681.9,9.7,2,3,bus,luxury,autumn,22213.73
468.7,10.3,6,7,train,budget,winter,62870.77
1688.2,29.9,2,3,flight,comfort,autumn,25715.28
2327.0,42.2,4,5,train,budget,monsoon,36950.79
1414.1,31.0,2,2,flight,budget,monsoon,15628.89
1450.5,29.8,1,4,train,comfort,monsoon,13121.81
735.9,12.8,1,4,train,budget,summer,7776.62
1935.3,32.4,2,4,train,comfort,autumn,24279.91
508.3,8.9,8,2,train,budget,autumn,25057.88
843.0,13.8,2,6,train,comfort,winter,31981.49
1092.3,17.4,2,3,flight,budget,monsoon,17000.63
1293.6,28.6,2,5,train,luxury,monsoon,42526.34
643.9,10.9,2,6,train,budget,spring,20431.56
331.4,4.5,2,4,flight,luxury,spring,34418.07
1546.0,25.5,5,5,flight,comfort,summer,90097.16
757.1,11.6,2,5,road_trip,luxury,autumn,44643.75
1474.0,27.1,2,4,flight,comfort,winter,31432.06
428.2,6.3,1,6,flight,comfort,winter,21820.76
1228.8,18.0,10,3,flight,budget,monsoon,94249.28
1354.8,22.3,2,4,road_trip,budget,winter,14730.27
177.0,2.4,1,5,bus,budget,monsoon,10299.63
874.7,17.9,3,4,train,budget,autumn,21734.29
379.3,8.3,3,3,train,luxury,winter,42292.6
205.3,3.0,2,4,train,budget,monsoon,11524.91
2475.4,35.8,2,6,flight,comfort,autumn,43900.31
839.8,17.3,4,7,bus,comfort,autumn,66686.03
2034.2,38.4,1,4,flight,comfort,monsoon,22963.81
673.9,14.8,4,5,train,comfort,monsoon,52306.38
1719.7,32.0,3,7,bus,budget,summer,39805.1
1912.6,28.0,2,2,bus,comfort,autumn,10268.93
1509.3,24.9,2,3,train,budget,monsoon,11726.39
1205.4,21.7,2,5,flight,luxury,autumn,52959.42
1059.0,18.9,4,6,train,comfort,winter,59854.32
904.7,20.1,2,7,road_trip,luxury,spring,63401.02
2327.3,43.1,2,4,bus,budget,spring,15788.81
2085.0,32.4,3,2,flight,budget,monsoon,34446.07
2414.3,32.5,10,4,flight,budget,monsoon,159744.82
354.5,5.0,2,3,road_trip,budget,autumn,10155.71
1840.6,40.3,6,3,flight,budget,monsoon,63497.68
2348.9,32.6,2,6,train,comfort,autumn,32179.36
494.0,7.2,1,2,bus,budget,monsoon,3402.93
212.9,3.1,2,6,train,comfort,autumn,29513.77
1865.7,31.8,2,4,train,luxury,monsoon,34857.36
1457.5,25.6,2,4,road_trip,comfort,summer,22775.38
2112.5,39.1,1,2,bus,budget,autumn,5471.31
392.4,8.4,6,3,train,budget,summer,25436.7
1998.4,38.5,4,2,train,comfort,summer,22191.8
544.0,10.4,4,10,train,budget,summer,66097.77
451.0,7.6,1,6,train,comfort,summer,20951.89
452.5,6.7,1,4,train,budget,winter,7702.71
2045.7,34.5,1,3,bus,luxury,spring,18761.59
1679.7,35.9,4,10,train,comfort,winter,110011.52
1331.5,18.1,6,3,flight,comfort,monsoon,67823.94
929.1,12.7,2,3,train,budget,monsoon,10322.21
2199.1,32.1,1,4,road_trip,budget,spring,11515.01
1011.5,13.5,2,10,train,comfort,spring,48016.17
2050.7,33.4,2,2,train,comfort,spring,10415.58
1125.9,15.2,2,3,train,budget,summer,10460.87
973.5,20.6,3,10,flight,budget,winter,61630.89
1183.6,21.1,4,3,flight,budget,monsoon,35974.74
788.4,15.2,1,3,train,comfort,winter,10089.4
1881.6,37.0,1,4,train,budget,winter,9233.64
1281.7,26.0,10,7,train,comfort,winter,171851.91
618.9,9.7,2,4,flight,comfort,spring,22732.35
2254.0,32.9,1,14,flight,comfort,spring,61715.18
990.5,15.9,1,5,train,luxury,monsoon,36863.05
1381.7,28.0,1,2,train,luxury,monsoon,10904.06
2270.9,32.8,2,14,train,comfort,monsoon,74277.74
1579.4,24.6,4,4,train,budget,winter,30976.08
336.4,5.9,2,3,flight,budget,spring,11553.65
2352.6,36.1,2,4,train,comfort,summer,23818.13
1587.9,30.1,3,3,train,comfort,winter,26145.84
870.5,15.7,2,2,train,comfort,autumn,8803.68
391.2,5.4,5,2,road_trip,budget,winter,15383.19
1995.4,37.1,5,4,road_trip,comfort,spring,63651.39
1569.2,26.6,1,6,train,budget,autumn,13220.11
1357.0,18.9,4,4,train,comfort,winter,39124.98
2240.0,33.8,2,14,train,budget,spring,45662.89
1982.1,42.3,10,3,flight,comfort,spring,131544.73
421.6,8.5,2,3,train,budget,summer,8421.82
813.7,18.0,10,3,flight,budget,winter,74842.52
658.8,10.3,4,3,flight,comfort,spring,35412.54
1872.7,32.0,2,3,road_trip,budget,monsoon,14816.49
132.2,2.7,2,6,train,comfort,spring,27332.29
1446.2,19.6,10,7,bus,comfort,summer,176341.88
1918.0,31.5,5,10,bus,comfort,spring,151952.42
2198.1,42.1,1,3,train,budget,winter,7647.6
888.1,14.8,4,7,train,comfort,winter,66729.92
2062.1,31.5,2,3,train,comfort,autumn,15645.91
321.0,6.8,1,3,train,comfort,winter,9986.07
2123.8,39.9,2,7,train,comfort,autumn,34006.51
362.3,5.2,2,5,flight,budget,monsoon,16616.65
1023.4,17.4,4,3,train,budget,summer,21136.04
2003.4,32.6,2,4,road_trip,budget,monsoon,16294.48
417.3,7.2,4,3,train,budget,autumn,17482.08
611.7,13.2,1,5,road_trip,budget,spring,10658.23
1819.5,36.4,2,4,train,comfort,spring,20796.55
1814.1,31.1,2,14,bus,comfort,monsoon,68126.45
1620.8,31.6,2,2,train,budget,spring,8311.62
1750.2,37.6,1,4,train,luxury,autumn,30314.93
1379.7,19.6,1,4,road_trip,comfort,summer,17187.24
666.9,9.0,3,4,train,luxury,winter,60822.06
897.0,13.0,2,3,flight,comfort,autumn,17682.48
494.9,7.0,2,5,flight,comfort,autumn,27208.8
2275.7,43.5,2,7,flight,budget,winter,38830.76
1479.3,20.0,5,10,flight,budget,winter,104887.8
1032.1,20.3,6,6,bus,budget,summer,55758.78
1181.9,16.1,2,7,train,comfort,summer,33770.28
2370.8,31.7,2,4,flight,budget,summer,28920.16
425.7,6.4,1,6,road_trip,comfort,spring,22353.0
1486.3,20.0,8,3,train,budget,autumn,49636.24
1289.4,20.8,1,4,train,comfort,winter,14003.96
1548.1,29.3,2,3,bus,budget,autumn,12033.57
94.4,1.6,2,4,train,budget,autumn,11526.32
2186.7,34.8,2,3,train,budget,summer,12850.78
2333.7,49.5,1,10,train,budget,summer,22498.94
1434.6,22.5,4,3,flight,budget,autumn,38676.47
1756.8,23.6,1,2,train,comfort,summer,7135.1
2310.1,45.6,3,4,flight,budget,spring,48952.67
1782.7,25.9,1,2,bus,budget,winter,4212.34
423.7,5.9,1,3,train,comfort,autumn,10951.51
1461.9,19.9,6,3,flight,budget,winter,55603.85
1536.5,20.8,1,4,road_trip,luxury,spring,29033.39
1089.1,18.0,4,4,flight,luxury,summer,70026.05
1854.3,25.0,2,6,bus,budget,monsoon,20642.87
2339.2,34.5,1,5,train,budget,spring,11843.4
2317.6,46.5,8,4,bus,budget,monsoon,60817.24
1154.6,19.5,2,3,train,comfort,winter,14862.8
327.4,4.9,5,3,train,comfort,autumn,34821.15
2462.9,47.0,1,6,train,comfort,summer,25066.26
2105.3,32.8,5,2,train,comfort,spring,28781.14
355.4,5.5,1,2,bus,budget,summer,3450.95
2306.1,46.2,2,6,train,comfort,monsoon,31447.7
2181.2,35.2,4,4,flight,comfort,monsoon,69729.4
1321.2,19.4,6,3,bus,comfort,autumn,44423.05
1498.6,25.0,6,3,flight,luxury,monsoon,99101.82
1027.6,22.7,4,10,train,comfort,autumn,99594.78
184.2,4.1,5,7,flight,budget,spring,55328.77
871.2,15.6,1,5,train,budget,autumn,11083.96
2017.0,27.7,2,4,train,comfort,monsoon,22425.46
61.3,1.2,2,4,road_trip,budget,winter,11465.62
867.1,13.5,2,10,train,luxury,autumn,90002.15
1025.5,19.9,2,10,train,budget,summer,31888.84
1366.6,25.0,2,3,road_trip,comfort,winter,17645.81
2303.6,32.7,1,6,train,comfort,autumn,25030.83
898.5,13.4,3,3,flight,budget,summer,26017.35
900.0,18.8,1,3,train,luxury,winter,19107.72
1856.9,32.1,2,5,train,luxury,autumn,45867.59
1157.9,25.2,2,4,train,comfort,spring,20921.12
600.3,10.1,4,10,train,budget,summer,59359.02
1158.5,17.9,4,2,train,budget,spring,14350.7
395.1,8.1,3,4,bus,budget,monsoon,19997.47
482.1,9.0,1,7,flight,budget,autumn,14894.79
1271.0,22.3,2,7,road_trip,comfort,autumn,33478.34
1076.4,14.8,1,3,train,luxury,summer,20787.15
2291.4,30.6,2,4,flight,comfort,autumn,38905.73
937.9,20.2,2,5,flight,luxury,monsoon,45711.91
1472.4,21.7,1,3,road_trip,comfort,autumn,10911.63
1599.0,28.5,2,10,train,comfort,winter,49641.89
82.1,1.4,8,7,flight,luxury,spring,258389.45
1675.7,24.8,8,3,road_trip,comfort,monsoon,69727.06
486.2,6.7,2,3,train,luxury,monsoon,22475.53
2404.6,32.7,1,2,road_trip,budget,spring,7304.63
414.2,6.6,1,7,train,budget,spring,14430.0
1065.8,19.1,2,3,bus,luxury,monsoon,25067.54
259.1,3.8,6,4,road_trip,comfort,spring,52290.44
2492.3,47.4,1,4,flight,luxury,summer,37475.34
1280.4,20.7,4,4,train,luxury,spring,68419.65
1508.7,27.1,1,2,train,budget,winter,4747.9
214.3,3.3,10,3,road_trip,comfort,winter,60233.85
1887.4,36.1,2,10,flight,budget,summer,42292.82
564.3,11.1,4,7,train,comfort,spring,62443.58
2250.2,31.0,2,6,flight,comfort,winter,47983.31
552.6,11.5,3,2,flight,budget,autumn,14444.79
517.2,8.6,1,3,train,comfort,spring,10049.29
139.5,2.7,1,5,train,comfort,summer,17780.28
1206.6,26.1,6,3,train,budget,spring,30690.72
1433.9,31.1,6,7,flight,comfort,monsoon,127286.38
211.0,4.2,5,5,flight,comfort,monsoon,67026.84
1950.0,27.5,3,2,flight,luxury,winter,46048.71
1160.6,21.7,4,7,bus,budget,monsoon,46527.28
1334.8,18.2,1,10,road_trip,budget,summer,22052.81
1129.9,18.1,2,2,flight,comfort,winter,15792.75
1031.9,17.8,2,4,train,budget,summer,13544.11
1421.1,22.8,3,3,flight,luxury,summer,61749.45
430.3,7.1,2,4,train,budget,monsoon,11006.97
495.7,7.3,1,3,flight,comfort,monsoon,10879.3
2161.4,40.4,3,4,flight,comfort,summer,59540.68
2368.0,42.6,4,10,train,budget,monsoon,70777.03
964.6,13.4,2,4,road_trip,budget,monsoon,14917.69
713.3,9.7,1,2,train,comfort,monsoon,5758.24
1627.8,22.7,1,5,flight,comfort,spring,22421.29
1051.4,18.3,2,3,train,budget,summer,11283.35
112.2,1.6,2,7,road_trip,luxury,autumn,63759.07
432.6,7.3,3,4,train,budget,summer,20003.28
1804.1,30.1,3,3,train,budget,winter,18491.28
1664.4,32.5,3,3,train,comfort,monsoon,26184.0
116.4,1.9,2,6,train,budget,monsoon,17858.28
593.8,11.7,4,3,train,luxury,autumn,44644.01
616.1,11.2,2,6,flight,budget,winter,22559.15
1696.1,24.0,2,3,train,budget,spring,12784.02
98.3,1.9,4,3,train,budget,summer,17400.63
305.1,6.5,1,4,train,comfort,spring,12931.51
2009.8,42.7,1,10,bus,comfort,winter,40363.95
487.4,6.7,5,10,flight,comfort,autumn,140385.96
1649.2,27.4,2,3,bus,budget,winter,11400.88
633.5,11.1,3,4,flight,budget,autumn,26498.53
293.6,4.2,1,3,train,comfort,spring,10993.48
645.8,9.2,3,4,train,budget,spring,21176.0
1819.6,33.1,2,4,train,luxury,winter,34768.18
2146.5,32.6,1,7,bus,budget,winter,17353.32
2084.0,30.6,3,10,road_trip,comfort,monsoon,97722.72
1023.1,15.8,2,4,flight,budget,autumn,18290.95
1686.8,34.0,2,4,train,comfort,monsoon,20780.86
552.2,7.7,1,7,train,budget,summer,14901.06
768.2,12.6,1,6,train,budget,summer,12848.96
2246.0,42.0,2,2,flight,budget,winter,25066.1
81.9,1.4,1,3,train,budget,spring,5381.08
259.5,5.6,6,4,road_trip,budget,summer,36397.48
559.3,11.5,1,3,train,comfort,summer,9173.46
115.0,1.7,2,3,road_trip,comfort,monsoon,13445.59
494.5,11.0,1,2,bus,comfort,monsoon,5484.68
1478.5,25.7,2,5,bus,comfort,summer,23879.3
1082.5,17.8,6,3,flight,comfort,winter,71932.71
2237.0,48.0,1,2,flight,budget,monsoon,13545.28
2052.7,27.7,8,3,flight,comfort,summer,114744.3
887.5,17.1,2,6,flight,budget,spring,22517.43
685.6,12.7,4,7,flight,comfort,monsoon,73769.07
980.2,18.1,2,4,road_trip,budget,summer,15680.3
1496.2,28.8,5,4,bus,budget,autumn,37233.16
706.8,15.7,3,10,bus,comfort,monsoon,82169.03
1579.2,23.6,2,3,road_trip,budget,autumn,13997.14
1053.1,14.2,1,3,train,luxury,monsoon,19402.62
1402.5,27.1,1,3,train,luxury,monsoon,19344.3
1118.5,17.2,6,3,flight,budget,autumn,50983.13
771.4,11.5,2,4,flight,budget,winter,18834.96
2373.7,33.7,2,7,bus,comfort,summer,38021.6
1920.8,33.3,4,5,train,comfort,winter,49109.78
393.3,7.3,2,4,flight,budget,winter,14769.81
2177.7,39.8,8,10,flight,comfort,summer,265794.81
1244.2,18.7,4,2,train,comfort,spring,19065.15
2241.7,32.3,3,3,flight,budget,winter,40830.15
2009.6,39.8,5,4,bus,budget,winter,37644.01
1091.8,19.5,1,5,train,comfort,winter,18129.8
105.0,1.5,2,2,flight,budget,spring,5967.63
708.3,10.2,2,4,flight,comfort,monsoon,22828.1
1377.0,18.5,2,5,train,budget,autumn,17802.23
1602.0,23.7,4,5,train,comfort,autumn,49621.73
681.8,12.0,6,5,road_trip,luxury,spring,133619.89
391.4,6.2,2,3,train,luxury,winter,23617.61
2095.6,32.3,2,2,train,budget,autumn,9607.01
2461.8,52.0,8,4,train,budget,spring,68193.85
1337.9,21.8,2,3,flight,comfort,summer,23991.77
470.6,7.1,2,10,flight,budget,autumn,32905.79
717.2,14.3,2,4,flight,budget,summer,17709.26
95.1,1.4,6,3,train,luxury,winter,57208.57
2290.0,36.6,3,6,road_trip,budget,autumn,35342.15
338.5,4.6,4,4,train,budget,spring,23495.81
1462.5,31.6,4,3,train,budget,monsoon,23351.77
721.4,13.6,2,6,flight,comfort,autumn,33317.76
1407.7,22.3,2,7,train,comfort,autumn,36924.56
1646.0,30.5,4,5,road_trip,budget,autumn,37401.65
2082.9,31.4,2,2,road_trip,budget,autumn,12615.06
555.7,8.2,4,4,train,budget,spring,26868.63
76.9,1.6,6,6,road_trip,comfort,spring,80095.21
385.4,6.4,3,3,bus,budget,monsoon,15005.29
2255.0,37.4,4,3,road_trip,luxury,spring,58000.41
2191.0,39.1,4,7,train,budget,spring,51759.29
1513.7,20.7,4,2,flight,luxury,winter,52585.08
1521.3,21.8,2,6,train,budget,winter,21086.31
1679.3,25.5,1,4,bus,comfort,summer,15568.53
479.7,7.2,2,4,train,budget,monsoon,11481.3
2290.3,38.9,3,2,flight,budget,winter,38313.59
1076.0,14.8,2,6,train,luxury,monsoon,57014.95
988.7,15.0,4,4,train,luxury,monsoon,63286.51
1321.3,19.8,2,4,flight,budget,autumn,21939.17
165.1,2.3,3,5,road_trip,comfort,monsoon,42087.83
457.4,8.6,1,5,flight,comfort,autumn,19907.0
1858.2,26.8,4,10,road_trip,luxury,summer,178047.82
252.9,5.0,2,4,train,budget,summer,11853.22
1527.7,27.6,2,4,flight,comfort,summer,29533.3
651.1,11.8,2,10,flight,comfort,autumn,50689.31
1003.8,13.5,4,5,train,budget,autumn,35256.33
757.3,10.7,2,3,flight,luxury,summer,27668.87
921.4,14.0,2,3,flight,budget,autumn,16618.31
1811.7,27.1,8,6,flight,budget,spring,122816.99
777.9,12.6,4,4,bus,comfort,spring,38456.24
1437.7,19.6,8,5,flight,comfort,autumn,144805.89
1216.3,20.3,2,4,train,budget,autumn,13707.91
1676.0,29.7,2,3,train,budget,winter,11494.17
2345.2,47.0,5,5,flight,luxury,winter,155735.31
1844.8,26.9,2,2,train,budget,monsoon,8665.4
576.6,8.6,4,4,train,comfort,monsoon,36101.11
126.4,2.2,2,4,train,comfort,monsoon,16625.22
692.5,15.1,2,4,flight,budget,summer,16363.97
1507.9,21.5,1,5,train,luxury,spring,37906.03
176.0,3.9,2,6,bus,comfort,summer,28119.6
1266.1,19.2,1,6,flight,comfort,autumn,28491.21
1512.3,20.4,1,2,train,comfort,winter,6505.88
868.9,14.9,8,3,bus,comfort,autumn,55067.38
1938.7,37.2,2,4,flight,comfort,autumn,32786.04
311.2,4.7,3,10,flight,luxury,winter,168600.71
234.1,3.4,4,6,flight,budget,autumn,38120.43
1834.1,29.9,3,6,train,budget,monsoon,34807.6
1264.0,17.1,1,3,flight,budget,winter,10690.8
1736.6,37.3,4,4,train,budget,autumn,29544.76
1115.3,18.5,3,4,road_trip,budget,monsoon,25778.65
653.7,9.8,4,3,bus,luxury,monsoon,41241.94
2056.8,29.0,4,2,flight,comfort,spring,51112.95
2008.6,39.9,8,10,train,comfort,monsoon,205026.84
1752.0,25.4,3,3,train,comfort,summer,26875.45
716.8,11.6,2,3,train,comfort,winter,13670.29
1496.1,26.3,3,2,flight,comfort,winter,32042.42
934.4,19.1,1,7,train,luxury,winter,52080.01
274.4,3.9,5,4,flight,budget,autumn,34393.94
2297.4,46.2,1,5,train,luxury,autumn,39440.17
385.2,7.1,2,7,road_trip,comfort,summer,30938.95
2378.1,44.3,4,3,train,budget,monsoon,26618.01
1142.7,16.1,3,5,road_trip,comfort,autumn,43855.91
503.6,7.7,2,2,road_trip,comfort,monsoon,8272.96
1377.7,20.0,2,3,flight,budget,monsoon,18060.7
2188.7,41.7,5,6,bus,comfort,autumn,90251.92
1844.0,28.9,2,6,train,budget,autumn,21627.09
2026.1,32.6,5,4,flight,budget,summer,69915.68
1664.0,23.8,1,4,train,luxury,spring,28791.56
1746.1,24.2,4,4,train,comfort,winter,39783.17
2130.5,47.0,4,2,flight,luxury,autumn,57411.34
661.7,10.1,1,3,flight,comfort,autumn,11909.79
1249.1,26.8,2,3,flight,budget,monsoon,18651.82
592.0,9.6,1,3,train,comfort,spring,10095.25
2469.8,46.1,4,6,train,comfort,autumn,59737.81
2362.9,43.6,2,3,train,luxury,spring,27022.06
146.6,2.6,3,3,train,budget,winter,12640.26
1778.7,27.9,1,4,train,luxury,monsoon,29785.63
2316.9,42.1,2,7,train,luxury,summer,64501.73
492.4,7.4,1,3,train,comfort,winter,10326.01
1441.5,25.2,2,2,bus,luxury,spring,13855.23
2292.9,48.7,3,4,train,budget,spring,27188.32
133.2,1.9,5,5,flight,luxury,winter,113133.61
1758.7,32.8,3,4,train,comfort,spring,36596.38
778.5,13.4,2,6,road_trip,budget,summer,18004.14
2314.8,35.3,8,10,flight,luxury,summer,453764.21
2429.1,44.2,4,6,train,comfort,spring,71142.48
2363.5,50.6,6,5,flight,comfort,spring,122044.19
1211.8,21.6,2,4,train,comfort,summer,19987.82
2162.0,29.5,2,2,flight,budget,spring,23674.82
2119.1,33.0,1,14,train,comfort,autumn,52794.92
831.8,12.8,4,4,road_trip,comfort,monsoon,38555.89
2080.8,32.5,1,3,train,budget,autumn,7233.22
140.7,2.8,2,5,train,budget,spring,16367.77
1510.9,26.3,2,3,bus,budget,spring,11544.29
613.5,9.1,3,4,train,budget,monsoon,20400.76
345.4,7.2,3,4,bus,comfort,spring,32814.63
238.5,4.5,1,4,flight,comfort,monsoon,14553.97
1755.9,33.0,2,6,bus,luxury,summer,55329.6
882.7,15.2,3,3,train,comfort,monsoon,22984.82
1825.7,24.5,8,4,bus,budget,monsoon,62704.31
210.1,4.5,4,4,bus,luxury,autumn,60387.82
822.5,13.6,6,5,train,comfort,spring,69738.99
1371.8,27.2,4,6,train,comfort,summer,62631.06
1987.3,26.8,3,4,train,comfort,winter,37800.39
830.9,17.2,1,5,road_trip,luxury,monsoon,37405.86
1583.4,27.7,3,3,train,comfort,winter,27690.96
2220.6,33.1,3,10,flight,budget,spring,73547.37
1558.9,23.6,3,4,train,comfort,monsoon,39040.51
620.8,10.8,2,5,train,budget,winter,15273.5
109.8,2.0,2,2,flight,budget,autumn,5895.99
2181.7,38.3,2,3,road_trip,budget,winter,16960.96
102.1,1.9,2,4,flight,budget,autumn,11630.01
2193.0,42.9,1,7,bus,budget,summer,16748.39
1345.9,22.6,4,4,flight,budget,spring,44528.71
2350.7,44.3,1,7,train,comfort,winter,27238.88
2007.0,37.4,1,4,train,comfort,monsoon,15308.26
2494.9,38.6,2,4,flight,luxury,spring,53428.61
909.2,12.3,3,3,road_trip,budget,winter,18899.33
1929.6,30.6,2,6,road_trip,comfort,monsoon,34343.76
1034.7,21.9,2,3,train,luxury,monsoon,21692.72
1225.7,25.9,3,7,train,budget,monsoon,39614.85
1587.4,21.6,2,7,train,comfort,monsoon,35736.47
2190.5,40.6,6,10,road_trip,comfort,winter,156606.74
2461.0,51.5,6,4,road_trip,budget,summer,59718.95
1932.3,30.7,2,5,bus,luxury,autumn,46886.81
1073.5,16.9,2,6,train,comfort,autumn,29771.76
1082.3,16.8,4,3,flight,budget,autumn,35970.4
1857.1,35.0,1,5,flight,budget,summer,17750.84
635.0,14.0,2,2,train,budget,monsoon,6549.04
320.7,4.3,2,4,flight,budget,monsoon,13681.34
918.8,17.5,6,3,train,comfort,spring,44098.41
753.7,11.5,1,3,train,comfort,autumn,10539.81
776.0,11.7,3,4,road_trip,budget,autumn,23451.4
622.3,9.8,4,4,bus,luxury,monsoon,63355.05
153.1,2.8,2,5,train,budget,autumn,15357.81
93.8,1.8,1,2,flight,budget,monsoon,3561.41
2469.9,39.2,8,4,train,budget,monsoon,63300.6
1098.0,15.5,2,3,bus,comfort,monsoon,13915.69
991.6,13.5,3,4,bus,budget,winter,20857.83
1715.1,35.6,2,5,bus,budget,winter,15813.51
584.7,11.8,2,4,bus,budget,winter,12928.62
2377.4,32.4,2,5,train,comfort,winter,31799.12
1976.5,29.5,1,3,train,luxury,summer,21870.26
269.1,3.8,1,6,flight,budget,spring,12934.51
1073.1,21.0,4,4,train,budget,spring,26422.03
2203.8,35.2,2,4,bus,comfort,monsoon,20398.04
2364.6,35.8,1,5,train,comfort,autumn,20302.84
1195.1,18.3,2,2,train,budget,winter,7998.67
1552.9,27.1,4,5,train,luxury,spring,85256.57
459.2,10.1,1,5,road_trip,comfort,spring,20680.93
2478.4,39.7,3,3,train,comfort,winter,27485.23
617.6,11.7,1,2,flight,comfort,summer,7780.27
2359.7,40.3,1,2,train,luxury,summer,12338.88
1641.6,22.3,1,7,train,comfort,spring,27664.96
1539.0,27.0,4,5,flight,budget,summer,52905.61
1306.1,18.6,1,3,bus,budget,winter,6517.55
615.1,12.1,1,4,flight,comfort,spring,15624.14
482.5,7.4,2,4,road_trip,budget,winter,13667.33
590.2,7.9,4,6,train,comfort,summer,62048.21
506.8,10.5,2,2,train,comfort,winter,7957.25
1960.0,43.3,2,3,road_trip,comfort,summer,17220.63
907.8,15.6,1,7,train,luxury,summer,55313.36
191.7,4.0,2,2,flight,budget,winter,6703.47
2424.3,35.9,3,3,bus,luxury,summer,46904.72
2215.3,30.6,3,10,train,comfort,monsoon,95899.58
2323.0,40.0,2,5,bus,budget,winter,20006.36
2487.5,47.1,2,3,train,comfort,monsoon,18304.43
476.0,8.2,1,2,train,budget,winter,3719.93
1020.8,15.3,2,2,train,comfort,summer,9594.27
1907.7,42.1,1,3,bus,comfort,summer,11201.4
1755.3,28.0,4,7,train,budget,spring,46419.86
427.0,6.7,8,4,bus,comfort,spring,77270.49
2048.8,31.9,8,5,road_trip,comfort,monsoon,117664.0
599.9,11.5,5,7,flight,budget,summer,64257.41
598.4,9.0,3,4,flight,budget,spring,24665.02
1365.6,28.6,4,3,flight,budget,summer,37345.65
1502.7,29.5,2,4,train,comfort,winter,19242.06
1471.2,20.6,3,7,flight,luxury,spring,136504.82
274.1,4.1,2,6,flight,luxury,monsoon,52241.36
2199.8,48.4,2,2,road_trip,comfort,spring,15041.05
700.7,13.4,4,5,road_trip,comfort,summer,52251.44
367.3,7.1,2,4,road_trip,budget,autumn,13015.77
2227.4,41.9,2,7,road_trip,comfort,autumn,41343.64
2391.3,45.6,6,3,flight,budget,summer,85777.62
2162.2,46.1,1,4,flight,budget,winter,16324.42
2033.3,34.6,2,7,road_trip,comfort,spring,39169.6
1655.3,24.7,6,4,train,budget,autumn,45826.21
1399.6,22.1,3,4,road_trip,comfort,winter,35924.06
263.1,4.0,2,2,train,comfort,summer,7558.44
1050.7,22.2,2,3,flight,budget,winter,16297.3
963.1,13.1,2,3,bus,budget,summer,10512.24
686.4,9.8,5,10,road_trip,luxury,spring,273397.18
1822.4,26.4,3,3,train,comfort,winter,30288.3
1264.9,18.2,2,4,bus,budget,spring,13087.94
248.6,3.4,1,5,flight,budget,winter,10249.41
589.4,9.6,1,3,train,comfort,summer,9926.85
1724.0,33.8,8,4,bus,comfort,summer,78931.44
236.5,3.7,2,5,flight,budget,winter,16724.58
2135.5,31.7,3,7,flight,budget,summer,61100.7
1263.1,18.8,1,5,train,luxury,monsoon,36427.35
1227.4,20.2,3,5,flight,comfort,monsoon,58323.79
1501.4,31.9,6,3,flight,luxury,spring,92326.84
2070.5,36.9,3,10,train,comfort,monsoon,95451.54
902.1,12.4,1,3,train,luxury,monsoon,18906.58
1711.1,27.4,3,6,road_trip,budget,autumn,39371.58
1436.0,23.5,4,3,flight,comfort,autumn,50877.73
704.2,13.3,2,10,bus,budget,autumn,27593.96
2202.6,39.3,5,5,train,comfort,autumn,73478.74
2003.7,27.9,3,6,train,comfort,summer,55874.29
1663.2,25.6,5,3,train,budget,spring,26990.43
2133.9,31.1,3,4,train,luxury,spring,65984.9
2174.9,37.1,1,5,flight,luxury,monsoon,43894.11
1785.5,27.9,2,6,flight,budget,spring,30444.95
2100.7,40.0,2,3,flight,comfort,monsoon,28778.27
1758.8,26.6,6,10,train,budget,spring,96850.05
1716.3,29.7,4,7,flight,budget,winter,67841.31
1565.6,26.9,3,3,train,comfort,winter,26761.91
1894.2,29.4,2,6,train,budget,spring,22625.28
438.6,6.0,1,4,road_trip,luxury,summer,27836.83
2208.1,47.1,4,4,flight,budget,monsoon,62777.16
2186.0,31.3,2,3,flight,comfort,spring,28869.41
121.7,2.3,2,4,train,comfort,monsoon,17601.17
2073.3,35.6,3,5,road_trip,budget,autumn,38049.44
365.7,8.0,1,4,flight,budget,spring,8225.4
871.0,16.1,2,5,bus,comfort,summer,22004.14
1871.6,31.2,2,5,train,comfort,autumn,28108.19
443.9,9.5,1,5,road_trip,budget,spring,10418.19
2054.0,34.4,10,2,bus,comfort,winter,52873.7
2088.7,28.7,2,7,road_trip,budget,spring,26042.63
1293.3,26.9,1,4,train,budget,winter,8806.75
65.6,1.0,2,3,train,comfort,winter,12326.2
753.2,13.1,4,3,train,budget,spring,19649.43
1561.5,24.2,2,4,train,comfort,spring,19459.6
2453.9,46.5,3,7,road_trip,comfort,winter,69671.03
1597.9,32.1,1,4,train,luxury,monsoon,28135.22
686.5,13.8,1,5,train,comfort,autumn,18896.83
1603.3,34.0,2,2,train,luxury,summer,14310.08
1373.0,27.2,4,4,train,comfort,spring,40594.77
1960.6,30.2,5,14,train,comfort,autumn,228700.09
312.1,4.4,1,6,bus,luxury,autumn,42412.06
1914.5,27.6,2,3,flight,comfort,monsoon,27128.99
1376.1,21.0,6,4,train,budget,autumn,42481.97
2409.3,49.9,2,3,train,comfort,spring,14840.69
887.6,16.5,4,4,train,luxury,autumn,61203.6
1599.9,29.5,1,6,train,comfort,spring,23824.36
2333.5,44.4,6,6,flight,comfort,spring,139764.91
301.1,5.0,4,3,bus,comfort,winter,26680.91
2346.2,38.4,6,7,bus,luxury,monsoon,191367.47
1735.3,31.2,3,4,bus,budget,summer,23161.7
216.2,3.9,2,4,train,comfort,winter,17054.46
787.4,11.3,6,4,road_trip,budget,summer,40917.43
1785.0,26.0,2,5,bus,comfort,spring,24135.16
215.0,4.0,2,4,road_trip,comfort,winter,17798.82
1476.3,20.4,4,4,train,budget,autumn,27492.54
897.4,12.2,4,4,road_trip,budget,autumn,26776.93
1571.2,28.7,6,3,bus,comfort,summer,43809.12
162.1,2.9,2,6,bus,budget,spring,18107.38
2185.3,36.3,4,4,train,budget,summer,32242.88
2435.0,33.3,4,3,bus,comfort,monsoon,34569.86
2423.8,34.0,1,6,road_trip,budget,autumn,15090.08
1886.6,39.2,2,10,flight,comfort,winter,63605.84
368.7,6.5,2,10,flight,luxury,winter,100150.7
1907.7,31.0,2,4,road_trip,budget,winter,18922.18
110.2,1.8,10,3,train,budget,autumn,39054.2
104.2,2.1,3,4,flight,comfort,spring,30303.9
842.8,11.9,4,3,flight,comfort,autumn,41615.53
1247.2,19.1,8,10,road_trip,luxury,autumn,382200.2
1937.5,27.6,2,3,train,luxury,winter,25318.72
1724.1,24.4,4,3,flight,comfort,autumn,52360.56
1142.5,16.9,2,4,flight,budget,winter,21033.2
720.4,12.4,5,4,bus,budget,spring,33620.48
2493.0,39.4,1,6,flight,budget,monsoon,21579.39
1094.1,22.0,6,4,road_trip,budget,winter,44395.03
1155.9,17.7,2,3,road_trip,comfort,summer,15574.62
450.9,8.9,2,3,train,comfort,monsoon,13202.39
1997.3,30.3,4,4,train,budget,spring,30037.88
1749.5,33.7,2,3,train,comfort,monsoon,14937.99
590.9,12.2,3,5,train,budget,winter,27703.15
251.8,5.0,2,4,flight,budget,spring,13269.08
1717.2,38.1,4,5,road_trip,comfort,summer,61052.39
1653.6,24.8,2,10,bus,budget,winter,29759.11
719.5,10.7,1,7,train,budget,winter,13580.32
2379.6,39.4,2,10,train,budget,spring,35852.87
420.1,8.4,2,3,flight,budget,spring,11588.81
1109.2,23.3,1,3,flight,comfort,monsoon,13103.63
2361.9,51.8,2,3,train,luxury,summer,28001.72
1078.3,21.6,2,7,road_trip,budget,monsoon,23115.22
1614.4,22.5,1,10,road_trip,budget,monsoon,24425.46
1024.1,19.6,3,7,train,comfort,winter,61512.16
721.8,13.0,5,3,road_trip,luxury,spring,63591.34
2460.7,51.1,1,10,train,budget,winter,22237.54
1052.9,20.4,3,4,bus,budget,summer,23082.65
2240.5,37.0,3,2,flight,comfort,monsoon,39730.42
613.4,9.7,2,4,train,comfort,summer,19451.28
572.1,10.9,4,2,road_trip,budget,spring,14862.95
126.3,2.7,2,4,flight,comfort,spring,18187.31
1646.6,29.0,2,3,bus,budget,autumn,11103.2
952.9,18.3,1,4,train,comfort,summer,14155.63
2167.7,42.0,3,5,train,comfort,winter,47830.82
1209.4,16.4,3,7,train,luxury,summer,126391.32
2422.1,38.1,1,5,flight,comfort,monsoon,26021.87
504.5,8.2,2,4,flight,budget,spring,15607.28
2178.1,37.9,8,6,train,budget,spring,89548.13
1952.7,33.7,2,7,flight,luxury,summer,69601.13
1938.8,31.7,2,3,flight,budget,summer,23303.5
2119.7,32.2,6,4,bus,budget,summer,44123.39
1914.5,29.0,4,3,flight,budget,monsoon,50211.31
1584.2,31.6,3,2,road_trip,comfort,monsoon,21127.01
371.5,6.2,4,5,flight,comfort,winter,46074.64
129.7,2.3,5,7,flight,budget,summer,59413.53
2306.1,32.4,2,3,train,budget,winter,13509.24
1560.8,24.4,2,6,train,luxury,autumn,55390.58
2001.5,32.8,2,7,train,comfort,monsoon,37185.18
1229.7,25.4,8,7,flight,comfort,spring,179460.34
337.4,5.3,3,3,train,luxury,autumn,43257.05
356.7,7.4,1,7,train,luxury,spring,49443.82
1729.6,31.4,5,3,bus,budget,autumn,29593.49
1104.2,22.4,2,4,train,luxury,winter,33003.98
541.3,8.2,1,2,train,budget,winter,3589.59
1254.4,24.5,2,2,train,budget,monsoon,7583.35
207.3,3.7,2,5,bus,luxury,spring,41477.68
1475.8,20.5,5,4,train,budget,autumn,35458.88
709.0,13.9,2,3,flight,budget,summer,14527.19
2004.0,33.3,4,3,flight,budget,summer,48947.17
810.4,14.1,3,5,flight,comfort,monsoon,52250.15
1165.3,25.6,1,2,flight,budget,spring,7746.42
78.5,1.1,8,6,bus,comfort,summer,106482.13
227.5,4.8,2,2,train,luxury,monsoon,11528.46
1011.6,17.1,2,3,train,comfort,monsoon,13885.49
1225.9,19.8,2,4,train,budget,spring,13340.0
1520.1,23.8,5,4,train,luxury,summer,99680.98
764.6,11.6,2,4,train,budget,summer,13556.51
1752.7,33.3,1,3,train,budget,summer,7317.18
2157.3,47.6,1,10,flight,budget,winter,29247.0
1960.6,29.4,2,5,flight,comfort,summer,39713.15
147.1,2.4,4,2,train,budget,autumn,10627.7
1227.2,17.5,2,4,bus,budget,winter,13551.09
307.1,4.4,2,7,train,budget,winter,20850.91
643.0,9.1,1,3,train,budget,winter,6206.5
2467.3,41.4,2,2,flight,comfort,winter,24168.43
399.1,7.3,6,6,train,comfort,monsoon,75787.24
1272.3,18.5,2,5,train,comfort,autumn,26388.12
1564.5,26.7,10,4,train,budget,spring,72489.92
1771.0,35.1,2,2,road_trip,budget,summer,11527.0
1421.1,20.1,1,3,bus,luxury,winter,19198.08
73.9,1.0,5,5,train,budget,spring,41784.33
849.8,14.4,2,3,bus,luxury,monsoon,22758.26
1318.4,27.9,4,4,bus,budget,spring,28025.78
265.3,4.7,10,4,flight,luxury,winter,162426.99
909.0,13.2,1,3,bus,budget,autumn,5839.35
131.3,1.8,1,10,train,budget,spring,18664.86
242.5,4.7,4,6,train,comfort,winter,58061.83
1022.5,21.8,2,5,flight,comfort,winter,31499.38
375.2,5.3,1,2,flight,budget,summer,4697.55
1440.5,25.4,1,3,flight,comfort,summer,14428.95
1739.2,28.4,1,4,flight,comfort,autumn,22169.93
2011.4,27.2,4,3,road_trip,budget,summer,30035.94
540.4,11.5,1,10,road_trip,budget,autumn,21964.34
460.3,7.1,2,3,road_trip,comfort,monsoon,13663.09
306.2,6.5,3,4,bus,budget,monsoon,18411.95
1609.3,28.6,2,4,road_trip,comfort,summer,23796.46
1780.9,25.8,1,5,train,budget,monsoon,11768.35
127.4,2.2,4,3,train,budget,spring,16608.47
2343.7,31.3,1,4,flight,budget,spring,17617.53
177.3,2.9,4,3,bus,comfort,spring,25890.63
1376.2,25.2,5,7,flight,budget,monsoon,86514.3
1787.2,34.6,2,2,bus,budget,spring,7677.29
2183.9,39.3,2,7,train,budget,autumn,23419.08
1799.5,32.0,2,6,train,luxury,winter,56350.77
2014.2,42.8,2,3,bus,budget,summer,11511.91
881.7,15.7,5,6,train,comfort,autumn,77083.91
2046.3,34.7,5,2,train,budget,spring,24807.89
246.3,3.7,2,10,train,budget,winter,28704.96
2242.3,34.7,3,4,train,comfort,summer,37089.23
1391.6,21.0,6,3,bus,comfort,autumn,46117.01
2052.4,45.4,8,4,train,luxury,summer,131305.92
1158.2,22.5,2,2,flight,luxury,monsoon,19869.55
1626.8,25.1,2,14,train,comfort,spring,65997.11
1339.7,22.5,2,2,bus,comfort,autumn,9134.4
1842.4,40.8,8,5,train,comfort,autumn,105849.03
250.0,3.6,1,4,flight,budget,winter,8188.54
197.9,2.9,3,10,bus,luxury,winter,182202.08
655.4,10.7,2,3,train,comfort,winter,13850.17
440.9,9.4,2,4,road_trip,comfort,summer,18681.41
2185.9,32.1,2,4,flight,budget,spring,31434.62
587.1,9.4,10,5,train,budget,summer,72770.48
2440.9,35.7,1,2,train,luxury,spring,12921.58
875.4,13.0,3,3,road_trip,budget,autumn,17604.07
496.2,7.2,1,3,bus,budget,summer,5591.13
1984.8,32.8,1,5,train,budget,summer,12091.73
1663.8,33.8,2,3,train,comfort,summer,15435.37
1270.6,19.5,2,4,bus,budget,monsoon,13737.92
1410.6,22.2,2,3,flight,comfort,spring,23829.74
1812.0,26.9,2,7,bus,budget,spring,24309.75
609.7,12.2,1,10,train,luxury,summer,78332.97
2491.0,49.0,2,4,bus,comfort,monsoon,22949.27
2438.2,34.0,8,4,train,budget,summer,59484.53
1643.3,24.3,6,3,train,comfort,spring,48656.53
538.9,7.5,2,2,flight,budget,autumn,8625.73
1716.6,25.3,3,3,road_trip,budget,monsoon,21271.72
226.9,3.6,6,5,train,luxury,monsoon,126825.56
125.1,1.9,1,4,flight,budget,summer,7127.46
681.3,9.5,4,10,flight,budget,autumn,71637.62
1183.4,19.0,6,4,flight,budget,spring,59073.64
2177.3,34.0,1,5,bus,budget,winter,11055.45
1831.6,36.9,1,4,bus,luxury,spring,27471.17
1869.6,31.6,8,4,train,budget,spring,57138.61
1092.5,16.4,2,3,road_trip,luxury,autumn,22851.1
897.5,16.9,1,4,bus,luxury,monsoon,30957.78
959.0,18.8,2,4,road_trip,budget,spring,14328.82
2469.7,45.4,2,5,flight,budget,monsoon,32877.5
148.3,2.8,3,10,road_trip,luxury,autumn,164887.77
2174.2,42.3,4,3,train,budget,autumn,25813.83
1467.8,25.4,10,2,train,budget,summer,40366.23
1124.6,15.6,2,4,road_trip,budget,winter,14072.04
1826.9,30.3,2,4,train,comfort,autumn,20265.09
1242.3,24.5,2,3,train,comfort,autumn,15712.54
2189.9,46.3,2,6,bus,budget,monsoon,20048.61
2256.7,34.3,1,14,bus,budget,autumn,27944.2
1083.2,19.2,8,10,train,luxury,spring,359226.28
728.2,10.5,5,3,road_trip,comfort,summer,35811.28
1501.3,23.2,2,7,flight,comfort,summer,43058.55
2285.3,33.2,3,5,flight,comfort,spring,64347.72
566.1,10.6,2,4,bus,budget,autumn,11512.59
1576.3,24.0,2,4,train,comfort,winter,20739.64
1597.3,30.2,3,6,train,budget,autumn,34812.93
1846.1,25.2,2,4,train,budget,summer,14646.52
372.3,5.8,10,4,flight,comfort,winter,101158.67
1803.8,33.0,3,4,flight,budget,monsoon,39559.28
2277.1,42.9,2,4,bus,luxury,monsoon,36034.56
490.2,9.7,4,3,bus,budget,autumn,16728.31
632.0,9.6,1,7,flight,luxury,autumn,56567.86
2429.9,47.1,2,5,bus,luxury,winter,45863.09
493.4,7.8,2,5,train,budget,winter,17182.47
2143.2,40.5,2,2,train,comfort,autumn,10687.46
1256.1,19.4,4,5,road_trip,budget,summer,42073.28
655.7,9.4,2,3,train,luxury,monsoon,23603.02
2183.3,31.9,4,2,train,comfort,winter,25763.53
1141.0,16.8,3,4,flight,comfort,summer,47012.36
1311.3,25.9,2,4,train,comfort,autumn,19137.32
930.1,19.5,4,4,road_trip,budget,spring,29669.64
1502.7,22.8,2,2,train,budget,winter,8029.56
450.6,8.0,2,4,train,budget,spring,12137.66
1008.1,17.4,2,3,train,comfort,summer,13476.98
2425.1,52.8,2,14,flight,comfort,monsoon,85564.88
682.4,12.9,1,4,train,comfort,summer,14785.31
1659.0,36.1,3,5,flight,budget,monsoon,45733.46
846.7,11.9,2,3,road_trip,comfort,summer,15745.92
1945.0,37.2,2,2,road_trip,budget,winter,10801.39
370.6,6.0,8,10,train,comfort,winter,176275.19
2426.1,52.5,3,3,flight,luxury,spring,74191.92
1161.8,17.9,5,4,flight,budget,summer,56982.34
628.3,11.5,1,5,road_trip,budget,summer,10730.46
230.1,3.2,3,2,road_trip,budget,spring,9467.72
465.9,6.5,5,6,train,comfort,autumn,82482.09
1323.4,24.2,3,4,bus,comfort,summer,34683.79
875.7,12.2,4,3,train,comfort,summer,28805.65
2080.8,27.8,2,2,train,budget,summer,9967.89
1105.7,15.8,1,3,train,comfort,autumn,10417.3
659.3,9.4,2,7,flight,comfort,winter,37381.24
1562.0,29.8,2,5,flight,budget,spring,27944.65
1781.6,28.6,5,3,train,comfort,autumn,48145.92
459.3,9.8,2,2,flight,budget,monsoon,8482.3
460.7,9.6,8,5,train,comfort,monsoon,91245.46
139.8,1.9,8,4,flight,luxury,autumn,117396.4
1854.2,33.8,2,4,train,budget,autumn,15611.38
1676.3,24.9,2,4,train,comfort,winter,20334.45
1212.8,17.5,5,3,train,comfort,monsoon,37311.54
2118.2,29.9,8,5,train,budget,spring,75599.18
2023.9,27.0,2,10,flight,comfort,summer,69643.35
1484.1,28.4,2,3,train,comfort,summer,15094.62
2177.3,47.1,2,4,flight,budget,winter,29104.91
554.3,9.7,3,4,train,budget,winter,21916.17
324.2,6.6,2,4,flight,budget,monsoon,13919.82
710.9,15.6,4,3,bus,budget,spring,17760.07
189.9,3.4,1,6,train,budget,spring,12319.11
1351.4,19.7,1,4,flight,budget,autumn,13810.98
2344.7,37.8,2,4,train,budget,winter,16194.41
146.4,2.7,2,3,flight,luxury,summer,22676.69
349.2,5.4,2,3,train,budget,summer,8286.78
1157.9,22.3,2,2,flight,comfort,monsoon,15998.17
2338.0,51.5,2,5,flight,comfort,summer,41240.78
824.6,12.1,1,3,road_trip,comfort,spring,10692.76
1292.7,20.3,2,5,flight,budget,spring,24379.28
151.9,2.2,8,4,flight,luxury,winter,126708.86
413.4,9.0,2,4,train,comfort,monsoon,17997.46
2467.2,35.2,2,4,road_trip,comfort,summer,24311.72
2414.5,38.0,3,4,bus,budget,winter,25138.97
62.1,1.0,10,3,train,budget,autumn,43563.39
2381.9,37.4,2,3,bus,comfort,autumn,16130.22
1615.8,22.8,3,5,train,budget,summer,27867.72
2176.4,34.8,4,5,bus,comfort,summer,58382.38
1164.1,18.6,3,3,bus,budget,summer,16855.74
1313.2,17.6,1,4,train,comfort,spring,14270.91
1247.7,18.4,3,3,bus,luxury,summer,44699.24
1683.8,28.9,1,3,train,comfort,autumn,11244.37
392.1,5.9,3,2,train,comfort,summer,13012.22
123.4,2.2,4,7,train,comfort,monsoon,65382.69
804.4,15.5,2,3,bus,comfort,autumn,13429.82
1776.5,28.2,4,3,train,luxury,monsoon,52912.28
544.5,7.5,1,3,train,luxury,autumn,19697.94
1699.9,23.3,4,3,bus,comfort,winter,27374.56
2426.3,43.9,2,5,train,budget,autumn,21506.28
280.1,4.6,2,2,train,comfort,autumn,7506.33
1697.9,33.1,1,3,train,budget,monsoon,7730.62
1137.2,15.2,8,5,train,budget,monsoon,69613.45
2176.9,29.2,1,3,flight,comfort,autumn,18621.47
484.0,7.5,1,5,train,comfort,autumn,17997.28
1746.9,25.3,2,4,road_trip,luxury,spring,42034.98
2103.4,31.7,3,3,bus,budget,winter,19081.89
2364.3,37.7,2,5,train,budget,winter,18846.87
1724.0,37.0,1,3,train,luxury,summer,19754.98
1268.1,21.6,2,4,train,budget,autumn,13990.51
1563.7,24.0,2,4,flight,comfort,autumn,30334.26
2178.8,33.4,2,3,train,budget,autumn,13540.66
1448.0,25.8,2,5,train,budget,autumn,18148.51
124.4,1.7,4,7,road_trip,luxury,winter,125642.92
2330.8,46.6,2,14,train,budget,monsoon,46787.71
1739.3,29.0,2,5,train,budget,spring,18739.7
1707.5,26.0,2,4,road_trip,budget,monsoon,17669.67
578.4,8.8,8,3,flight,luxury,monsoon,104219.37
1664.3,25.8,8,3,train,luxury,winter,101239.42
1015.0,19.1,4,4,flight,budget,spring,40990.13
1645.5,33.1,2,4,train,budget,autumn,14976.62
311.2,4.9,1,7,bus,comfort,winter,26546.38
1661.7,26.4,2,4,flight,budget,winter,26928.47
2498.6,49.6,2,4,bus,comfort,spring,22187.61
168.1,2.5,2,4,road_trip,budget,summer,11413.91
2444.1,41.7,4,6,road_trip,budget,winter,47960.0
1046.9,16.1,5,5,road_trip,comfort,monsoon,71450.82
2183.3,31.1,4,5,flight,budget,monsoon,64198.3
1966.8,39.3,2,3,train,luxury,autumn,26662.79
1439.2,31.6,3,6,flight,budget,winter,50959.83
1859.2,27.2,2,2,flight,budget,autumn,19555.8
2202.4,34.8,1,7,road_trip,luxury,winter,54660.76
1040.1,15.8,4,4,train,budget,spring,26944.05
851.2,12.1,1,4,road_trip,comfort,winter,14253.26
1685.6,24.4,2,4,bus,budget,summer,14242.76
2029.2,27.5,2,5,road_trip,comfort,monsoon,28416.56
1917.6,31.4,3,2,road_trip,comfort,spring,20777.26
2004.6,33.6,4,7,train,budget,monsoon,51877.73
1117.2,19.6,2,4,train,comfort,autumn,19731.79
2053.7,41.4,4,3,train,comfort,spring,36277.98
344.5,5.5,2,3,train,budget,summer,9016.93
1384.0,26.0,2,4,flight,comfort,monsoon,30682.72
64.1,0.9,4,4,bus,comfort,winter,33381.21
845.2,13.5,3,4,road_trip,budget,winter,22061.62
947.8,15.1,10,5,flight,budget,winter,123669.02
1020.6,18.3,2,4,train,budget,spring,13036.02
1753.9,37.7,3,10,train,budget,summer,53235.56
1002.0,21.8,3,4,train,comfort,summer,31920.85
1149.3,19.9,6,6,train,comfort,summer,98385.7
632.0,13.3,1,3,flight,luxury,monsoon,20814.46
964.5,15.3,4,4,train,budget,spring,27181.05
606.8,8.5,3,3,train,budget,winter,15468.69
229.3,3.2,2,4,train,comfort,monsoon,17064.14
1528.4,23.6,2,7,flight,comfort,summer,44667.27
1687.1,32.9,2,2,flight,comfort,winter,22067.05
1567.8,22.1,3,2,flight,budget,spring,26146.44
1185.6,16.6,5,7,train,budget,autumn,63439.29
980.5,19.3,3,3,road_trip,budget,summer,19666.18
2165.2,32.3,3,5,train,luxury,summer,85020.03
1321.8,24.7,2,4,flight,budget,summer,23789.62
1224.0,17.7,1,6,bus,luxury,summer,42717.95
112.8,1.5,2,3,flight,comfort,winter,11853.82
886.1,19.3,2,3,road_trip,budget,spring,11247.41
981.5,13.6,2,4,train,comfort,monsoon,18791.69
1027.1,16.1,1,10,flight,comfort,winter,44486.27
1471.4,19.8,2,4,train,luxury,spring,33705.69
1357.3,23.0,2,3,flight,budget,monsoon,19645.06
1539.4,21.9,2,5,train,budget,summer,17758.22
1924.0,41.0,2,10,train,budget,spring,34224.81
2041.8,37.1,1,6,flight,budget,summer,19725.5
1809.4,38.5,6,14,flight,comfort,spring,233125.38
2391.0,32.2,5,2,train,luxury,autumn,45545.99
94.7,1.4,4,3,flight,budget,summer,19080.3
529.7,7.5,1,5,flight,comfort,summer,19172.59
68.5,0.9,4,6,train,comfort,summer,53408.96
1636.3,34.4,4,3,flight,budget,winter,44034.44
2250.2,39.8,4,3,bus,budget,monsoon,23293.96
646.5,13.7,1,6,flight,comfort,summer,25640.46
2321.2,45.2,3,2,train,luxury,summer,27393.72
197.7,3.8,4,4,train,comfort,winter,34759.51
2339.4,39.6,3,4,flight,budget,winter,54179.07
911.5,17.2,3,4,road_trip,budget,autumn,21920.38
298.5,6.2,2,5,flight,budget,spring,18044.57
1240.4,24.8,2,4,train,comfort,summer,20049.67
679.1,13.7,1,5,flight,comfort,spring,20669.82
747.9,10.1,3,4,road_trip,budget,winter,21507.42
802.9,11.8,1,4,train,comfort,winter,14853.58
2017.4,27.3,2,5,road_trip,comfort,autumn,28625.7
1370.9,23.6,2,3,road_trip,comfort,monsoon,15799.3
812.7,15.2,2,2,train,luxury,winter,14362.36
1545.3,22.4,1,3,road_trip,budget,summer,7725.07
1804.6,32.9,3,3,train,luxury,autumn,41455.91
717.9,13.3,4,4,bus,budget,monsoon,24790.52
1063.2,20.5,1,6,train,budget,autumn,13389.49
348.6,7.1,1,5,train,luxury,winter,37511.35
493.8,9.4,1,6,flight,luxury,monsoon,45275.2
1718.7,30.9,5,4,bus,comfort,spring,53228.82
494.5,7.6,2,4,train,comfort,monsoon,17038.72
1336.7,28.5,2,4,flight,comfort,summer,28395.51
1787.2,34.8,1,3,train,comfort,spring,11300.56
311.8,4.5,3,2,train,budget,spring,9452.71
1439.9,29.1,5,4,train,comfort,summer,55304.33
678.6,12.3,4,14,flight,comfort,spring,146479.77
2409.2,34.0,3,3,train,comfort,winter,28892.27
1234.7,24.9,1,2,train,budget,monsoon,4492.19
2024.7,42.6,1,6,train,comfort,monsoon,23767.24
1398.1,23.5,1,3,train,luxury,summer,20926.38
156.4,2.9,2,6,flight,comfort,winter,29159.7
1601.2,25.9,1,5,road_trip,luxury,spring,38880.91
2380.9,34.4,2,10,train,budget,monsoon,34964.95
1523.9,31.0,2,4,road_trip,comfort,monsoon,21327.46
2057.0,33.0,6,5,bus,comfort,monsoon,78622.41
2216.3,36.8,3,4,flight,comfort,monsoon,56633.54
608.8,12.3,4,5,flight,comfort,autumn,55777.79
569.5,8.9,4,4,bus,comfort,summer,36182.3
1546.9,29.1,1,3,train,luxury,spring,21828.52
1057.0,17.7,4,4,flight,comfort,spring,48866.89
2107.7,44.4,2,4,flight,budget,summer,24423.42
2255.1,38.4,3,6,flight,comfort,winter,78551.09
915.9,16.9,2,5,bus,budget,summer,15524.29
630.3,9.0,10,5,train,budget,monsoon,79065.29
1962.3,42.0,2,3,flight,luxury,monsoon,35448.9
723.3,12.6,2,5,flight,budget,summer,22320.31
2065.4,35.2,6,4,train,comfort,summer,63971.03
1088.2,16.3,1,7,train,budget,spring,14514.35
1685.5,27.1,3,7,flight,budget,spring,60841.63
284.1,4.4,4,2,road_trip,comfort,autumn,16601.02
1578.5,23.1,4,6,flight,budget,autumn,65578.15
1156.8,16.3,8,2,bus,comfort,monsoon,36475.18
1487.2,27.3,8,4,train,budget,autumn,58023.05
461.6,7.6,1,4,train,budget,autumn,7671.86
1855.3,26.4,4,3,train,budget,winter,23494.36
2163.9,29.0,3,5,train,budget,summer,31607.8
581.0,8.1,3,2,train,comfort,spring,13759.11
284.5,5.1,1,3,train,budget,autumn,6180.67
107.9,2.1,3,4,bus,comfort,spring,32209.58
1622.8,27.2,10,5,bus,luxury,autumn,239530.77
1537.4,22.9,6,7,train,comfort,autumn,95651.21
1389.4,23.2,2,5,train,comfort,monsoon,27759.78
618.3,10.4,1,5,train,budget,winter,9010.19
1007.7,14.4,2,4,flight,budget,summer,18425.06
1506.5,27.0,4,2,train,luxury,summer,27214.52
1267.1,17.9,4,3,train,comfort,monsoon,30136.99
2470.1,43.2,2,4,road_trip,comfort,monsoon,25574.96
384.3,7.0,1,5,bus,comfort,summer,18627.11
1753.1,29.9,2,4,train,budget,summer,14990.23
1040.6,15.3,2,5,train,budget,winter,17605.45
1099.1,22.5,6,4,train,comfort,autumn,56109.35
1808.1,35.5,3,2,bus,comfort,winter,18329.86
1746.5,23.7,2,3,flight,comfort,summer,26729.19
2478.6,49.3,2,6,train,luxury,autumn,62431.95
364.6,5.9,1,5,bus,budget,summer,10327.77
305.1,4.9,8,7,train,budget,winter,83398.83
1824.6,30.6,2,3,train,luxury,winter,25271.06
1467.0,22.8,2,14,train,comfort,winter,67823.57
721.7,13.9,2,3,flight,comfort,autumn,18488.57
244.6,4.0,3,2,train,budget,spring,8771.63
259.9,4.6,3,14,train,budget,spring,74563.02
2240.8,34.6,4,3,train,comfort,summer,31780.81
520.1,10.6,2,5,train,budget,autumn,15189.59
842.3,13.6,2,3,bus,comfort,monsoon,12906.01
605.3,12.0,1,4,train,luxury,spring,26336.92
919.7,17.2,3,7,train,comfort,autumn,63245.27
220.1,4.3,1,3,flight,budget,autumn,6521.53
1321.7,26.2,3,5,bus,comfort,spring,38529.92
215.7,3.1,5,3,bus,budget,autumn,24566.56
2010.9,37.5,5,5,flight,budget,autumn,86021.25
622.6,8.6,2,3,train,budget,spring,8832.08
1373.0,18.5,2,3,bus,budget,winter,11151.48
2206.2,35.5,1,3,flight,luxury,summer,27078.29
1644.6,33.4,3,3,train,budget,monsoon,18685.24
1355.7,24.1,4,7,road_trip,budget,summer,51730.81
844.6,12.3,2,4,train,luxury,winter,33646.75
865.9,15.5,2,3,road_trip,budget,winter,10727.5
1690.2,35.5,4,4,road_trip,comfort,autumn,44569.09
2485.6,40.3,5,3,flight,budget,summer,71740.14
1671.5,23.8,2,5,road_trip,budget,winter,21124.98
1416.6,20.6,3,10,bus,luxury,summer,156838.36
1840.1,36.6,1,4,train,budget,winter,9347.81
1189.8,18.3,1,7,train,comfort,monsoon,29294.15
197.3,3.8,6,4,train,budget,winter,36130.55
1427.6,27.7,4,3,train,budget,summer,23662.93
2396.2,33.6,4,5,bus,budget,autumn,37426.36
479.5,9.1,1,4,train,budget,summer,7466.24
1740.5,32.9,4,5,train,budget,spring,36359.21
542.3,12.0,2,7,flight,comfort,summer,35778.78
1362.8,19.2,2,4,road_trip,comfort,monsoon,24268.62
286.9,4.2,2,7,train,budget,monsoon,20963.96
1153.4,18.1,1,6,train,budget,monsoon,13382.1
1902.6,28.2,4,4,train,luxury,winter,76361.43
901.6,18.2,3,5,flight,luxury,monsoon,83183.31
1679.0,28.6,1,3,train,comfort,summer,9832.04
1998.9,36.0,1,14,flight,luxury,autumn,126111.1
2321.6,48.6,1,5,train,budget,monsoon,12514.26
624.9,10.5,1,2,train,budget,summer,3708.94
1028.3,14.2,3,3,road_trip,comfort,winter,25056.96
423.4,9.2,4,5,train,comfort,winter,47182.8
2481.6,46.2,1,2,train,comfort,autumn,7820.45
2321.2,45.3,1,2,train,budget,autumn,5744.34
1372.9,26.3,3,4,flight,luxury,summer,71221.65
2113.0,29.2,4,3,flight,comfort,autumn,60667.57
1326.3,22.5,2,4,train,budget,autumn,14696.47
1577.8,26.7,2,3,train,comfort,winter,14398.71
268.4,4.0,3,3,train,budget,summer,15275.06
1900.4,38.3,2,5,flight,budget,autumn,30648.56
362.9,6.1,1,4,bus,budget,summer,8074.27
2073.9,35.8,4,3,flight,budget,monsoon,47777.05
1966.0,31.3,3,3,flight,budget,winter,39422.26
1786.4,23.8,3,4,train,comfort,winter,33494.12
138.6,2.0,4,2,train,budget,winter,10106.77
792.7,13.9,3,3,train,comfort,spring,24281.38
694.6,9.9,2,2,train,budget,summer,6438.1
932.3,18.6,2,6,train,budget,monsoon,19477.88
264.7,5.8,1,6,flight,luxury,autumn,50226.7
2345.5,45.9,1,6,flight,comfort,monsoon,31569.93
1406.8,25.5,3,5,road_trip,luxury,summer,86799.29
798.5,13.2,5,5,train,luxury,winter,121335.53
1022.6,16.1,8,4,flight,budget,spring,78778.03
1145.6,15.8,3,5,bus,budget,summer,25788.8
1521.5,25.2,1,2,flight,luxury,summer,16386.27
1313.4,21.9,1,5,train,luxury,autumn,42135.44
2302.5,49.5,4,6,train,comfort,monsoon,65216.3
1267.6,27.5,3,4,train,comfort,monsoon,34318.58
2480.8,40.3,3,4,train,comfort,autumn,40997.71
2136.0,36.7,4,3,bus,budget,spring,25560.33
560.9,8.0,4,5,train,comfort,winter,48101.02
2330.0,46.8,4,5,train,comfort,winter,54006.09
335.1,7.3,1,7,bus,comfort,spring,27665.73
2052.8,35.1,4,3,bus,budget,autumn,24145.58
982.5,18.8,5,6,flight,budget,summer,70200.25
2201.0,47.3,2,4,flight,budget,monsoon,28472.52
2176.7,32.6,3,7,train,budget,summer,40314.84
2024.5,41.9,2,4,train,luxury,monsoon,35625.68
1985.6,31.4,8,4,train,budget,summer,58427.05
796.5,14.9,1,4,flight,budget,autumn,10546.42
248.3,4.9,3,5,road_trip,budget,autumn,23509.24
1037.3,18.4,1,10,train,comfort,spring,36394.7
475.1,6.9,4,2,flight,comfort,summer,24659.7
1752.6,30.9,1,2,train,budget,summer,4874.8
897.9,13.3,2,10,flight,budget,spring,36369.89
2440.2,50.0,2,4,train,budget,spring,16634.99
1620.4,23.8,6,5,train,comfort,autumn,73475.27
2065.1,39.6,2,4,bus,budget,autumn,14744.29
374.7,5.7,1,2,flight,luxury,summer,12307.71
2161.9,34.9,4,6,flight,comfort,autumn,92752.03
2310.8,31.7,2,5,train,budget,autumn,20339.35
1243.3,22.0,6,3,train,comfort,summer,48007.49
1535.3,32.7,1,3,train,budget,spring,7011.93
1923.8,42.2,3,6,bus,comfort,summer,53978.97
478.4,6.9,2,2,road_trip,budget,winter,6151.34
1281.3,21.1,1,7,train,comfort,summer,26737.54
1026.7,15.0,3,3,train,comfort,winter,24537.2
408.6,7.9,3,4,bus,luxury,summer,56968.37
950.5,17.2,4,10,train,budget,winter,68709.9
217.0,4.7,2,5,flight,budget,winter,17011.6
113.2,1.5,2,4,train,comfort,summer,18308.97
381.2,5.9,2,5,bus,luxury,autumn,41183.52
2409.6,33.0,10,3,flight,luxury,monsoon,196976.27
1396.3,26.4,2,3,bus,budget,autumn,11467.06
2416.3,38.1,2,14,bus,budget,winter,47575.5
1109.6,17.0,2,6,train,comfort,summer,30994.65
813.9,14.9,3,5,bus,budget,summer,26980.03
1290.0,18.3,2,4,bus,budget,summer,13863.11
1126.8,15.3,6,2,train,budget,summer,24680.16
308.9,4.3,2,2,train,comfort,monsoon,7427.11
1620.0,24.1,5,4,train,luxury,spring,96594.68
579.3,10.9,1,6,flight,luxury,winter,51000.67
1568.0,29.3,3,4,train,budget,monsoon,23871.92
1643.0,22.2,6,6,flight,comfort,autumn,122825.13
422.5,9.3,1,2,train,luxury,spring,10036.12
200.3,3.0,8,4,road_trip,budget,spring,49138.33
1962.9,29.7,2,3,train,comfort,summer,16230.08
1176.5,18.5,6,4,train,budget,monsoon,40658.56
192.5,2.6,3,2,flight,budget,autumn,10874.34
2487.4,45.8,2,10,flight,budget,summer,50930.73
191.6,3.5,1,3,train,budget,summer,5185.1
1752.8,37.0,2,7,train,comfort,winter,36414.44
2460.0,42.2,1,4,train,budget,spring,10810.67
636.0,12.0,1,14,bus,budget,autumn,30633.18
398.5,7.2,1,4,bus,budget,spring,8368.97
347.4,5.0,2,10,flight,luxury,monsoon,88749.8
793.0,10.9,4,2,bus,comfort,winter,17923.91
297.6,5.9,1,5,bus,comfort,summer,17254.44
1745.8,31.1,1,7,train,comfort,winter,26059.17
202.6,2.8,3,3,road_trip,budget,summer,13805.8
1298.1,27.7,1,2,bus,budget,winter,4361.65
2491.9,52.2,1,4,train,comfort,summer,16970.71
2044.2,41.0,1,10,train,budget,spring,22898.62
1557.3,24.8,6,4,train,budget,spring,43541.81
800.3,16.2,4,4,train,comfort,spring,35964.27
1578.5,21.3,2,3,bus,budget,spring,11490.67
1341.3,23.0,3,2,flight,budget,winter,26204.29
1093.9,18.2,2,6,bus,comfort,summer,29918.06
370.2,7.1,3,2,bus,budget,spring,8673.48
2222.2,37.6,3,5,flight,comfort,winter,70593.0
1152.0,17.8,3,7,flight,comfort,summer,77336.0
526.8,7.8,2,3,train,comfort,winter,14275.33
951.0,14.1,1,5,train,comfort,spring,18189.14
1064.6,17.1,2,2,flight,budget,monsoon,14246.96
2077.5,28.8,5,5,train,budget,winter,48251.07
1847.4,26.6,3,3,train,budget,spring,18549.45
1934.8,28.6,4,5,road_trip,budget,autumn,45062.08
77.0,1.7,10,3,flight,luxury,summer,112832.76
1069.6,23.7,1,4,train,comfort,spring,15518.72
1229.3,23.9,3,4,flight,budget,autumn,32001.44
97.0,1.5,3,3,bus,budget,winter,13823.02
686.5,12.0,8,5,train,budget,winter,64848.85
1912.7,33.5,10,3,train,budget,autumn,58979.2
385.9,5.4,3,5,road_trip,budget,autumn,27738.85
1361.5,18.9,2,3,train,comfort,summer,14910.01
577.2,8.0,4,5,train,luxury,winter,85843.78
79.7,1.5,1,3,flight,comfort,autumn,9321.02
640.9,9.8,4,4,bus,budget,monsoon,23352.4
2440.9,45.9,6,3,train,budget,monsoon,42254.71
2013.8,39.7,2,5,train,comfort,autumn,27236.92
2401.0,47.5,3,3,train,comfort,summer,29620.43
1245.2,22.5,2,7,road_trip,comfort,winter,36222.91
318.9,5.5,2,7,train,luxury,monsoon,61871.07
1392.5,19.9,2,3,flight,comfort,autumn,25303.64
1163.2,23.9,4,5,road_trip,comfort,autumn,50714.59
2118.7,31.6,6,2,train,budget,spring,29795.18
290.3,4.8,6,4,road_trip,comfort,autumn,55113.49
1246.2,23.2,1,5,road_trip,budget,summer,11560.93
417.6,7.0,5,5,road_trip,budget,monsoon,38268.8
845.5,15.7,4,5,train,comfort,spring,48291.03
1856.5,29.5,2,3,flight,budget,monsoon,24491.77
1216.2,21.0,1,4,bus,budget,monsoon,8694.02
970.9,19.4,2,3,road_trip,budget,summer,10581.02
1016.5,21.0,6,5,train,budget,autumn,52701.92
1175.6,19.1,3,4,bus,budget,summer,23759.23
1973.3,27.4,4,5,train,budget,autumn,37078.36
2235.6,40.4,2,3,train,budget,spring,14522.65
2390.6,35.7,4,3,train,budget,summer,25610.29
1977.9,30.5,1,3,bus,luxury,summer,19035.99
822.7,11.3,2,2,flight,budget,winter,11306.69
1735.9,24.9,3,3,flight,budget,summer,35654.44
1122.1,18.1,1,6,road_trip,comfort,winter,21508.49
673.9,10.4,4,7,train,luxury,autumn,121250.66
2110.1,29.3,2,4,flight,comfort,autumn,40049.62
144.1,2.5,3,4,train,budget,autumn,17641.35
2259.3,41.2,2,2,train,comfort,winter,11643.04
1180.6,26.0,3,7,flight,comfort,autumn,69432.46
1611.1,23.1,1,2,road_trip,comfort,monsoon,7727.31
1665.4,24.1,1,10,flight,comfort,summer,44506.27
2243.0,46.6,6,4,bus,luxury,winter,102243.83
1609.8,25.8,2,3,train,luxury,autumn,24647.51
1554.1,26.4,4,7,train,comfort,monsoon,74112.62
213.3,4.4,10,2,flight,budget,summer,36310.71
1320.1,17.7,2,4,train,comfort,summer,19818.31
417.9,8.1,2,4,train,comfort,autumn,18124.65
1856.7,39.5,3,3,flight,budget,monsoon,37595.69
1304.9,20.8,8,4,train,luxury,winter,127112.13
1716.6,25.6,6,5,train,budget,autumn,53815.38
152.1,3.3,2,5,flight,comfort,summer,22981.67
257.7,4.0,4,2,flight,luxury,summer,28840.38
1805.0,29.6,1,10,road_trip,budget,summer,25415.36
226.6,4.7,8,3,flight,comfort,autumn,53837.66
224.6,4.5,8,3,train,budget,spring,36576.36
79.7,1.3,1,3,road_trip,budget,spring,4992.73
2393.4,44.4,2,2,bus,budget,spring,9643.31
1856.9,25.4,1,3,train,budget,monsoon,7387.39
915.5,13.2,2,14,train,budget,autumn,40933.53
776.5,10.4,4,3,flight,luxury,summer,53340.5
906.8,17.2,2,3,flight,luxury,monsoon,27578.44
1947.9,26.3,1,3,bus,budget,spring,6634.93
1670.4,28.8,2,5,bus,comfort,winter,22077.76
503.7,9.1,10,7,flight,budget,monsoon,122375.24
476.6,10.2,3,3,road_trip,budget,monsoon,15712.03
291.1,6.2,2,2,flight,budget,autumn,7409.76
1667.7,25.4,1,3,train,luxury,monsoon,21061.11
1922.7,32.7,10,2,bus,luxury,autumn,68876.26
699.4,13.5,4,3,train,budget,winter,18909.92
101.3,1.6,2,4,bus,budget,summer,12850.73
251.3,4.8,1,3,road_trip,budget,summer,5928.96
2421.3,38.8,1,4,flight,comfort,spring,24621.02
773.8,13.9,1,3,flight,comfort,spring,11864.75
1934.6,27.8,3,10,flight,budget,winter,73746.41
1580.4,22.7,6,7,train,comfort,summer,95519.52
985.8,16.6,2,4,train,budget,spring,13760.01
553.9,10.0,4,4,flight,luxury,monsoon,76298.58
347.4,6.2,2,4,bus,comfort,autumn,16565.38
1556.8,22.5,4,4,flight,budget,spring,45740.51
1947.9,35.5,4,5,train,comfort,winter,53085.4
1627.6,31.7,1,4,flight,comfort,summer,20390.88
1349.2,28.4,2,7,bus,budget,winter,22438.85
152.8,2.6,3,10,flight,budget,autumn,49904.05
2422.8,40.7,1,3,flight,luxury,autumn,27474.05
2006.8,28.6,2,4,bus,budget,winter,14976.21
767.4,14.9,2,2,flight,budget,spring,11781.73
2450.9,43.4,10,3,train,comfort,spring,87244.6
1524.6,22.0,2,4,road_trip,comfort,summer,22221.55
1476.9,21.2,4,3,train,comfort,summer,27998.19
1882.8,33.3,2,7,road_trip,luxury,monsoon,69384.48
2038.8,34.7,4,3,train,comfort,monsoon,33085.65
1658.4,30.7,3,4,train,budget,summer,23547.09
363.8,5.0,5,5,road_trip,comfort,monsoon,66074.89
878.8,18.1,2,5,train,comfort,winter,23210.85
2323.8,31.8,3,4,bus,budget,spring,24698.39
600.3,9.2,3,7,bus,budget,monsoon,36254.86
961.8,15.8,2,4,road_trip,budget,monsoon,13979.21
1108.6,24.1,1,4,road_trip,comfort,winter,14026.93
1126.5,19.0,1,2,train,luxury,autumn,9950.03
1551.7,27.1,1,4,bus,comfort,summer,15205.61
2360.5,47.4,5,6,train,luxury,winter,158236.44
639.7,9.9,2,5,train,budget,autumn,15655.13
347.7,4.7,2,6,bus,luxury,winter,48094.47
533.8,8.6,4,4,train,comfort,spring,36710.97
2223.0,33.5,2,3,flight,budget,winter,26236.85
1632.2,34.7,2,2,flight,luxury,winter,24551.38
750.5,13.0,1,3,flight,budget,spring,8370.45
2049.1,42.3,8,5,road_trip,luxury,summer,193493.34
2160.4,34.1,5,6,train,luxury,autumn,171152.12
2124.0,29.0,5,3,flight,comfort,monsoon,80259.31
2301.4,35.5,2,4,road_trip,comfort,summer,26097.67
668.0,14.1,4,4,flight,budget,winter,35479.29
1899.9,34.1,1,4,train,comfort,monsoon,14898.11
1178.3,19.2,1,3,flight,budget,spring,10035.32
2112.9,37.0,1,3,train,comfort,summer,11050.51
1834.8,26.2,3,3,train,comfort,autumn,26470.59
1952.3,28.1,2,2,bus,luxury,summer,14981.56
1657.6,26.2,2,3,flight,budget,summer,21246.75
484.7,8.6,1,2,road_trip,comfort,monsoon,5990.37
1385.3,26.3,2,5,bus,luxury,spring,44269.9
2462.4,51.1,4,3,flight,comfort,spring,61286.88
2346.6,42.2,2,10,train,budget,summer,34416.96
155.8,2.7,4,3,train,budget,spring,16631.18
453.8,7.0,2,3,train,budget,monsoon,8428.53
372.7,5.8,4,4,road_trip,comfort,monsoon,35519.74
1828.7,38.8,3,2,train,comfort,autumn,18926.53
2053.6,36.1,2,6,train,luxury,spring,57280.92
573.1,11.4,2,2,flight,budget,autumn,9014.62
1289.3,25.9,3,10,train,budget,winter,55637.94
2109.7,30.2,4,7,train,comfort,monsoon,68821.93
1845.4,39.9,2,4,flight,comfort,summer,32044.61
1378.5,23.9,2,4,train,luxury,monsoon,33867.06
1496.4,29.9,5,5,train,comfort,winter,73028.95
1295.5,18.1,3,4,train,budget,summer,22675.41
779.0,12.6,2,5,bus,comfort,spring,22574.6
1434.3,27.6,2,2,flight,luxury,spring,22248.25
1737.8,28.9,2,2,train,comfort,monsoon,10914.0
2189.6,32.7,3,4,flight,budget,summer,44725.74
1608.9,21.8,2,4,train,budget,summer,14438.41
1914.7,37.1,10,7,road_trip,budget,autumn,141603.81
442.2,6.2,2,3,train,comfort,winter,13357.05
1180.8,16.2,2,6,flight,budget,spring,29486.46
72.9,1.0,3,3,road_trip,budget,monsoon,13023.03
654.4,10.2,6,4,bus,budget,summer,36006.17
1829.8,28.6,4,3,train,comfort,spring,32547.46
2479.9,43.4,2,4,train,budget,monsoon,18170.54
293.0,4.3,4,3,bus,comfort,spring,24307.31
1033.7,17.0,3,4,train,budget,monsoon,22053.35
2010.2,30.8,2,6,bus,budget,spring,22621.11
549.9,9.5,1,4,bus,comfort,autumn,13957.14
1410.0,21.1,2,4,bus,budget,winter,14586.75
1846.0,26.5,2,6,train,budget,spring,23561.76
1559.2,31.6,6,5,bus,budget,winter,52551.42
510.7,7.3,2,4,flight,luxury,spring,36098.53
920.7,15.0,8,3,bus,comfort,summer,57455.12
1970.3,28.0,2,7,train,budget,autumn,23711.65
1407.9,24.3,3,4,train,budget,autumn,21523.9
62.8,1.1,2,3,train,luxury,winter,21608.03
1914.4,26.4,1,3,train,comfort,summer,11000.93
136.5,2.6,2,6,flight,budget,monsoon,19522.97
1877.0,26.7,1,2,road_trip,comfort,autumn,8421.27
546.1,9.2,3,14,train,comfort,summer,131370.8
2397.3,39.7,2,3,bus,comfort,summer,15654.17
951.5,17.5,4,6,train,comfort,winter,61940.25
851.0,13.7,2,4,train,budget,summer,11569.67
414.8,7.6,1,4,train,budget,summer,7416.46
798.7,17.3,2,7,train,luxury,monsoon,63812.63
2197.8,41.3,6,4,road_trip,comfort,winter,72157.59
2491.0,55.1,4,4,train,budget,winter,32682.76
952.4,12.8,2,2,flight,luxury,summer,19704.9
1149.1,15.5,2,2,flight,luxury,monsoon,22763.41
1819.1,32.0,1,3,road_trip,luxury,spring,19472.45
2221.2,33.2,10,5,train,luxury,autumn,242164.04
1503.0,27.1,3,3,train,luxury,winter,47632.58
1009.2,15.5,2,3,train,budget,monsoon,10060.06
1060.9,15.3,3,4,train,comfort,monsoon,32916.23
1754.3,23.9,1,5,train,comfort,summer,19364.79
57.9,1.0,8,5,road_trip,budget,autumn,55910.79
1568.0,22.9,1,3,flight,budget,winter,12039.61
921.0,17.4,3,2,flight,luxury,spring,33685.56
1995.8,26.7,2,10,flight,budget,summer,42946.72
277.8,6.1,4,3,train,luxury,winter,41805.83
1491.1,23.6,4,7,train,budget,winter,44742.51
1228.4,19.0,3,7,road_trip,budget,monsoon,41050.73
1623.7,24.7,3,6,bus,comfort,autumn,56070.95
208.9,4.3,5,3,road_trip,budget,spring,21979.02
1471.0,20.1,1,6,bus,comfort,autumn,24096.69
1425.6,28.3,2,6,train,comfort,monsoon,29124.4
1423.6,22.4,2,4,train,budget,spring,14846.92
1528.5,29.6,10,3,train,budget,spring,56500.9
1707.3,31.5,2,3,train,budget,summer,11594.32
2022.2,32.9,4,3,train,budget,spring,26531.43
711.1,12.4,3,4,flight,comfort,winter,43095.36
2071.4,41.6,2,4,flight,budget,autumn,25822.86
1270.7,25.3,2,4,road_trip,budget,autumn,15985.65
238.8,4.1,2,4,bus,comfort,summer,17810.24
193.4,2.9,2,4,road_trip,budget,spring,12247.78
868.9,12.1,2,5,train,budget,monsoon,15045.52
1973.0,41.5,1,7,train,budget,winter,15151.74
1783.8,31.4,5,3,flight,luxury,summer,95203.05
1982.1,41.3,8,4,train,luxury,spring,142949.37
1317.3,29.0,2,3,train,comfort,monsoon,14448.66
1128.5,17.4,2,5,train,budget,spring,16511.61
411.3,6.5,1,5,train,budget,summer,10417.75
854.1,17.1,3,10,flight,comfort,monsoon,106783.85
1113.3,21.4,4,3,train,comfort,monsoon,30203.32
267.1,5.8,1,10,flight,luxury,monsoon,84294.59
590.5,8.4,1,2,flight,budget,monsoon,5529.36
1515.7,20.4,4,5,train,budget,spring,33698.34
1852.4,37.8,3,2,train,comfort,monsoon,17916.01
2496.0,48.1,1,7,train,comfort,spring,28512.76
2336.1,32.9,3,4,train,comfort,monsoon,36087.02
1624.3,22.3,2,5,bus,comfort,monsoon,26420.78
1082.1,18.8,2,6,bus,luxury,summer,56441.12
1608.6,34.6,4,3,flight,comfort,spring,51538.61
1974.8,42.8,4,2,train,luxury,spring,33617.84
339.9,5.5,2,7,flight,luxury,autumn,66759.22
1054.3,18.6,6,3,flight,comfort,summer,59615.23
2107.5,46.0,2,3,flight,budget,spring,23561.09
990.4,15.8,4,4,flight,budget,summer,38064.52
1451.1,32.0,2,4,flight,comfort,summer,29530.03
1490.0,21.7,5,2,flight,comfort,summer,47377.04
502.0,9.3,6,3,bus,luxury,winter,71508.68
937.5,20.3,1,2,train,budget,spring,4533.77
869.6,13.9,6,4,bus,budget,summer,38901.91
114.2,2.0,4,7,train,comfort,winter,62286.9
109.3,1.5,4,14,train,budget,winter,86944.64
2087.7,34.0,2,5,road_trip,budget,monsoon,20344.25
719.0,13.5,4,3,road_trip,budget,monsoon,22294.72
1319.3,19.9,5,7,train,comfort,spring,96970.87
781.9,14.7,2,4,train,budget,monsoon,13389.94
2354.7,32.6,8,3,train,luxury,spring,110697.54
685.3,12.2,1,7,flight,budget,winter,17178.12
1102.7,17.9,1,6,bus,luxury,winter,49831.14
2188.2,47.0,2,5,road_trip,comfort,spring,30004.93
2112.7,36.6,3,5,flight,budget,monsoon,49200.66
505.9,7.2,3,3,train,budget,monsoon,13440.92
2016.5,29.2,1,3,flight,budget,spring,12152.49
1172.6,22.7,8,5,train,comfort,autumn,102763.0
1233.3,23.8,1,3,road_trip,budget,monsoon,7279.03
377.0,5.4,1,4,road_trip,budget,summer,7713.12
247.5,3.4,1,6,flight,comfort,monsoon,21472.91
1833.5,38.3,3,6,train,budget,autumn,36452.63
1266.3,21.6,6,4,train,budget,winter,39894.43
1120.3,20.3,3,6,train,comfort,winter,57101.63
1837.3,25.8,4,6,bus,luxury,winter,120451.39
1925.5,40.5,1,5,flight,budget,monsoon,16843.42
439.3,8.6,2,3,train,budget,winter,9370.16
1545.1,22.9,2,3,flight,luxury,autumn,35032.6
381.6,8.2,2,3,bus,budget,autumn,8389.27
1890.9,31.6,1,3,train,luxury,monsoon,19521.95
1659.5,28.5,3,3,road_trip,budget,summer,21679.95
2393.7,43.5,2,3,road_trip,luxury,monsoon,27762.97
218.9,3.9,4,4,road_trip,budget,winter,25192.28
189.8,3.1,2,7,train,luxury,monsoon,59772.82
741.4,14.9,1,3,train,budget,autumn,5725.64
